"MethodName","Iteration","EvaluationNumber","Patch","Compiled","AllTestsPassed","TotalExecutionTime(ms)","Runtime(ms)","RuntimeImprovement(ms)"
"com.google.gson.internal.bind.DefaultDateTypeAdapter.com.google.gson.internal.bind.DefaultDateTypeAdapter.deserializeToDate(JsonReader)","-1","0","|","true","true","67.312584","67.0","0.0"
"com.google.gson.internal.bind.DefaultDateTypeAdapter.com.google.gson.internal.bind.DefaultDateTypeAdapter.deserializeToDate(JsonReader)","1","1","| gin.edit.matched.MatchedDeleteStatement ""src/main/java/com/google/gson/internal/bind/DefaultDateTypeAdapter.java"":664 |","false","false","0.0","1.7976931348623157E308","-1.7976931348623157E308"
"com.google.gson.internal.bind.DefaultDateTypeAdapter.com.google.gson.internal.bind.DefaultDateTypeAdapter.deserializeToDate(JsonReader)","2","2","| gin.edit.statement.ReplaceStatement ""src/main/java/com/google/gson/internal/bind/DefaultDateTypeAdapter.java"":686 -> ""src/main/java/com/google/gson/internal/bind/DefaultDateTypeAdapter.java"":710 |","false","false","0.0","1.7976931348623157E308","-1.7976931348623157E308"
"com.google.gson.internal.bind.DefaultDateTypeAdapter.com.google.gson.internal.bind.DefaultDateTypeAdapter.deserializeToDate(JsonReader)","3","3","| gin.edit.statement.SwapStatement ""src/main/java/com/google/gson/internal/bind/DefaultDateTypeAdapter.java"":651 <-> ""src/main/java/com/google/gson/internal/bind/DefaultDateTypeAdapter.java"":674 |","false","false","0.0","1.7976931348623157E308","-1.7976931348623157E308"
"com.google.gson.internal.bind.DefaultDateTypeAdapter.com.google.gson.internal.bind.DefaultDateTypeAdapter.deserializeToDate(JsonReader)","4","4","| gin.edit.modifynode.BinaryOperatorReplacement  ""src/main/java/com/google/gson/internal/bind/DefaultDateTypeAdapter.java"":732 PLUS -> MULTIPLY |","false","false","0.0","1.7976931348623157E308","-1.7976931348623157E308"
"com.google.gson.internal.bind.DefaultDateTypeAdapter.com.google.gson.internal.bind.DefaultDateTypeAdapter.deserializeToDate(JsonReader)","5","5","| gin.edit.matched.MatchedCopyStatement ""src/main/java/com/google/gson/internal/bind/DefaultDateTypeAdapter.java"":551 -> ""src/main/java/com/google/gson/internal/bind/DefaultDateTypeAdapter.java"":685:686 |","false","false","0.0","1.7976931348623157E308","-1.7976931348623157E308"
"com.google.gson.internal.bind.DefaultDateTypeAdapter.com.google.gson.internal.bind.DefaultDateTypeAdapter.deserializeToDate(JsonReader)","6","6","| gin.edit.statement.MoveStatement ""src/main/java/com/google/gson/internal/bind/DefaultDateTypeAdapter.java"":674 -> ""src/main/java/com/google/gson/internal/bind/DefaultDateTypeAdapter.java"":726:726 |","false","false","0.0","1.7976931348623157E308","-1.7976931348623157E308"
"com.google.gson.internal.bind.DefaultDateTypeAdapter.com.google.gson.internal.bind.DefaultDateTypeAdapter.deserializeToDate(JsonReader)","7","7","| gin.edit.statement.CopyStatement ""src/main/java/com/google/gson/internal/bind/DefaultDateTypeAdapter.java"":411 -> ""src/main/java/com/google/gson/internal/bind/DefaultDateTypeAdapter.java"":664:664 |","false","false","0.0","1.7976931348623157E308","-1.7976931348623157E308"
"com.google.gson.internal.bind.DefaultDateTypeAdapter.com.google.gson.internal.bind.DefaultDateTypeAdapter.deserializeToDate(JsonReader)","8","8","| gin.edit.statement.DeleteStatement ""src/main/java/com/google/gson/internal/bind/DefaultDateTypeAdapter.java"":664 |","false","false","0.0","1.7976931348623157E308","-1.7976931348623157E308"
"com.google.gson.internal.bind.DefaultDateTypeAdapter.com.google.gson.internal.bind.DefaultDateTypeAdapter.deserializeToDate(JsonReader)","9","9","| gin.edit.matched.MatchedReplaceStatement ""src/main/java/com/google/gson/internal/bind/DefaultDateTypeAdapter.java"":450 -> ""src/main/java/com/google/gson/internal/bind/DefaultDateTypeAdapter.java"":651 |","false","false","0.0","1.7976931348623157E308","-1.7976931348623157E308"
"com.google.gson.internal.bind.DefaultDateTypeAdapter.com.google.gson.internal.bind.DefaultDateTypeAdapter.deserializeToDate(JsonReader)","10","10","| gin.edit.matched.MatchedSwapStatement ""src/main/java/com/google/gson/internal/bind/DefaultDateTypeAdapter.java"":665 <-> ""src/main/java/com/google/gson/internal/bind/DefaultDateTypeAdapter.java"":665 |","true","true","61.57246","61.0","6.0"
"com.google.gson.internal.bind.DefaultDateTypeAdapter.com.google.gson.internal.bind.DefaultDateTypeAdapter.deserializeToDate(JsonReader)","11","11","| gin.edit.matched.MatchedSwapStatement ""src/main/java/com/google/gson/internal/bind/DefaultDateTypeAdapter.java"":665 <-> ""src/main/java/com/google/gson/internal/bind/DefaultDateTypeAdapter.java"":665 |","true","true","66.51933","66.0","1.0"
"com.google.gson.internal.bind.DefaultDateTypeAdapter.com.google.gson.internal.bind.DefaultDateTypeAdapter.deserializeToDate(JsonReader)","12","12","| gin.edit.matched.MatchedSwapStatement ""src/main/java/com/google/gson/internal/bind/DefaultDateTypeAdapter.java"":665 <-> ""src/main/java/com/google/gson/internal/bind/DefaultDateTypeAdapter.java"":665 | gin.edit.matched.MatchedSwapStatement ""src/main/java/com/google/gson/internal/bind/DefaultDateTypeAdapter.java"":684 <-> ""src/main/java/com/google/gson/internal/bind/DefaultDateTypeAdapter.java"":684 |","true","true","63.19525","63.0","4.0"
"com.google.gson.internal.bind.DefaultDateTypeAdapter.com.google.gson.internal.bind.DefaultDateTypeAdapter.deserializeToDate(JsonReader)","13","13","| gin.edit.matched.MatchedSwapStatement ""src/main/java/com/google/gson/internal/bind/DefaultDateTypeAdapter.java"":665 <-> ""src/main/java/com/google/gson/internal/bind/DefaultDateTypeAdapter.java"":665 |","true","true","82.82154","82.0","-15.0"
"com.google.gson.internal.bind.DefaultDateTypeAdapter.com.google.gson.internal.bind.DefaultDateTypeAdapter.deserializeToDate(JsonReader)","14","14","| gin.edit.matched.MatchedSwapStatement ""src/main/java/com/google/gson/internal/bind/DefaultDateTypeAdapter.java"":665 <-> ""src/main/java/com/google/gson/internal/bind/DefaultDateTypeAdapter.java"":665 | gin.edit.matched.MatchedSwapStatement ""src/main/java/com/google/gson/internal/bind/DefaultDateTypeAdapter.java"":243 <-> ""src/main/java/com/google/gson/internal/bind/DefaultDateTypeAdapter.java"":710 |","false","false","0.0","1.7976931348623157E308","-1.7976931348623157E308"
"com.google.gson.internal.bind.DefaultDateTypeAdapter.com.google.gson.internal.bind.DefaultDateTypeAdapter.deserializeToDate(JsonReader)","15","15","|","true","true","63.212376","63.0","4.0"
"com.google.gson.internal.bind.DefaultDateTypeAdapter.com.google.gson.internal.bind.DefaultDateTypeAdapter.deserializeToDate(JsonReader)","16","16","|","true","true","60.48171","60.0","7.0"
"com.google.gson.internal.bind.DefaultDateTypeAdapter.com.google.gson.internal.bind.DefaultDateTypeAdapter.deserializeToDate(JsonReader)","17","17","| gin.edit.statement.CopyStatement ""src/main/java/com/google/gson/internal/bind/DefaultDateTypeAdapter.java"":551 -> ""src/main/java/com/google/gson/internal/bind/DefaultDateTypeAdapter.java"":650:650 |","false","false","0.0","1.7976931348623157E308","-1.7976931348623157E308"
"com.google.gson.internal.bind.DefaultDateTypeAdapter.com.google.gson.internal.bind.DefaultDateTypeAdapter.deserializeToDate(JsonReader)","18","18","| gin.edit.statement.ReplaceStatement ""src/main/java/com/google/gson/internal/bind/DefaultDateTypeAdapter.java"":491 -> ""src/main/java/com/google/gson/internal/bind/DefaultDateTypeAdapter.java"":684 |","false","false","0.0","1.7976931348623157E308","-1.7976931348623157E308"
"com.google.gson.internal.bind.DefaultDateTypeAdapter.com.google.gson.internal.bind.DefaultDateTypeAdapter.deserializeToDate(JsonReader)","19","19","| gin.edit.statement.SwapStatement ""src/main/java/com/google/gson/internal/bind/DefaultDateTypeAdapter.java"":665 <-> ""src/main/java/com/google/gson/internal/bind/DefaultDateTypeAdapter.java"":701 |","false","false","0.0","1.7976931348623157E308","-1.7976931348623157E308"
"com.google.gson.internal.bind.DefaultDateTypeAdapter.com.google.gson.internal.bind.DefaultDateTypeAdapter.deserializeToDate(JsonReader)","20","20","| gin.edit.statement.MoveStatement ""src/main/java/com/google/gson/internal/bind/DefaultDateTypeAdapter.java"":708 -> ""src/main/java/com/google/gson/internal/bind/DefaultDateTypeAdapter.java"":650:650 |","false","false","0.0","1.7976931348623157E308","-1.7976931348623157E308"
"com.google.gson.internal.bind.DefaultDateTypeAdapter.com.google.gson.internal.bind.DefaultDateTypeAdapter.deserializeToDate(JsonReader)","21","21","| gin.edit.matched.MatchedDeleteStatement ""src/main/java/com/google/gson/internal/bind/DefaultDateTypeAdapter.java"":661 |","true","false","27.020336","1.7976931348623157E308","-1.7976931348623157E308"
"com.google.gson.internal.bind.DefaultDateTypeAdapter.com.google.gson.internal.bind.DefaultDateTypeAdapter.deserializeToDate(JsonReader)","22","22","| gin.edit.matched.MatchedCopyStatement ""src/main/java/com/google/gson/internal/bind/DefaultDateTypeAdapter.java"":461 -> ""src/main/java/com/google/gson/internal/bind/DefaultDateTypeAdapter.java"":673:684 |","false","false","0.0","1.7976931348623157E308","-1.7976931348623157E308"
"com.google.gson.internal.bind.DefaultDateTypeAdapter.com.google.gson.internal.bind.DefaultDateTypeAdapter.deserializeToDate(JsonReader)","23","23","| gin.edit.matched.MatchedReplaceStatement ""src/main/java/com/google/gson/internal/bind/DefaultDateTypeAdapter.java"":708 -> ""src/main/java/com/google/gson/internal/bind/DefaultDateTypeAdapter.java"":684 |","true","false","28.747084","1.7976931348623157E308","-1.7976931348623157E308"
"com.google.gson.internal.bind.DefaultDateTypeAdapter.com.google.gson.internal.bind.DefaultDateTypeAdapter.deserializeToDate(JsonReader)","24","24","| gin.edit.modifynode.BinaryOperatorReplacement  ""src/main/java/com/google/gson/internal/bind/DefaultDateTypeAdapter.java"":731 PLUS -> MINUS |","false","false","0.0","1.7976931348623157E308","-1.7976931348623157E308"
"com.google.gson.internal.bind.DefaultDateTypeAdapter.com.google.gson.internal.bind.DefaultDateTypeAdapter.deserializeToDate(JsonReader)","25","25","|","true","true","62.3585","62.0","5.0"
"com.google.gson.internal.bind.DefaultDateTypeAdapter.com.google.gson.internal.bind.DefaultDateTypeAdapter.deserializeToDate(JsonReader)","26","26","| gin.edit.statement.DeleteStatement ""src/main/java/com/google/gson/internal/bind/DefaultDateTypeAdapter.java"":727 |","false","false","0.0","1.7976931348623157E308","-1.7976931348623157E308"
"com.google.gson.internal.bind.DefaultDateTypeAdapter.com.google.gson.internal.bind.DefaultDateTypeAdapter.deserializeToDate(JsonReader)","27","27","|","true","true","60.245415","60.0","7.0"
"com.google.gson.internal.bind.DefaultDateTypeAdapter.com.google.gson.internal.bind.DefaultDateTypeAdapter.deserializeToDate(JsonReader)","28","28","| gin.edit.matched.MatchedSwapStatement ""src/main/java/com/google/gson/internal/bind/DefaultDateTypeAdapter.java"":708 <-> ""src/main/java/com/google/gson/internal/bind/DefaultDateTypeAdapter.java"":684 |","false","false","0.0","1.7976931348623157E308","-1.7976931348623157E308"
"com.google.gson.internal.bind.DefaultDateTypeAdapter.com.google.gson.internal.bind.DefaultDateTypeAdapter.deserializeToDate(JsonReader)","29","29","|","true","true","61.36092","61.0","6.0"
"com.google.gson.internal.bind.DefaultDateTypeAdapter.com.google.gson.internal.bind.DefaultDateTypeAdapter.deserializeToDate(JsonReader)","30","30","|","true","true","65.89504","65.0","2.0"
"com.google.gson.internal.bind.DefaultDateTypeAdapter.com.google.gson.internal.bind.DefaultDateTypeAdapter.deserializeToDate(JsonReader)","31","31","|","true","true","60.53396","60.0","7.0"
"com.google.gson.internal.bind.DefaultDateTypeAdapter.com.google.gson.internal.bind.DefaultDateTypeAdapter.deserializeToDate(JsonReader)","32","32","|","true","true","60.978127","60.0","7.0"
"com.google.gson.internal.bind.DefaultDateTypeAdapter.com.google.gson.internal.bind.DefaultDateTypeAdapter.deserializeToDate(JsonReader)","33","33","| gin.edit.statement.CopyStatement ""src/main/java/com/google/gson/internal/bind/DefaultDateTypeAdapter.java"":700 -> ""src/main/java/com/google/gson/internal/bind/DefaultDateTypeAdapter.java"":726:727 |","false","false","0.0","1.7976931348623157E308","-1.7976931348623157E308"
"com.google.gson.internal.bind.DefaultDateTypeAdapter.com.google.gson.internal.bind.DefaultDateTypeAdapter.deserializeToDate(JsonReader)","34","34","| gin.edit.statement.ReplaceStatement ""src/main/java/com/google/gson/internal/bind/DefaultDateTypeAdapter.java"":540 -> ""src/main/java/com/google/gson/internal/bind/DefaultDateTypeAdapter.java"":665 |","false","false","0.0","1.7976931348623157E308","-1.7976931348623157E308"
"com.google.gson.internal.bind.DefaultDateTypeAdapter.com.google.gson.internal.bind.DefaultDateTypeAdapter.deserializeToDate(JsonReader)","35","35","| gin.edit.statement.SwapStatement ""src/main/java/com/google/gson/internal/bind/DefaultDateTypeAdapter.java"":726 <-> ""src/main/java/com/google/gson/internal/bind/DefaultDateTypeAdapter.java"":651 |","false","false","0.0","1.7976931348623157E308","-1.7976931348623157E308"
"com.google.gson.internal.bind.DefaultDateTypeAdapter.com.google.gson.internal.bind.DefaultDateTypeAdapter.deserializeToDate(JsonReader)","36","36","| gin.edit.statement.MoveStatement ""src/main/java/com/google/gson/internal/bind/DefaultDateTypeAdapter.java"":661 -> ""src/main/java/com/google/gson/internal/bind/DefaultDateTypeAdapter.java"":709:710 |","false","false","0.0","1.7976931348623157E308","-1.7976931348623157E308"
"com.google.gson.internal.bind.DefaultDateTypeAdapter.com.google.gson.internal.bind.DefaultDateTypeAdapter.deserializeToDate(JsonReader)","37","37","| gin.edit.matched.MatchedDeleteStatement ""src/main/java/com/google/gson/internal/bind/DefaultDateTypeAdapter.java"":686 |","false","false","0.0","1.7976931348623157E308","-1.7976931348623157E308"
"com.google.gson.internal.bind.DefaultDateTypeAdapter.com.google.gson.internal.bind.DefaultDateTypeAdapter.deserializeToDate(JsonReader)","38","38","| gin.edit.matched.MatchedCopyStatement ""src/main/java/com/google/gson/internal/bind/DefaultDateTypeAdapter.java"":664 -> ""src/main/java/com/google/gson/internal/bind/DefaultDateTypeAdapter.java"":664:665 |","true","true","60.97996","60.0","7.0"
"com.google.gson.internal.bind.DefaultDateTypeAdapter.com.google.gson.internal.bind.DefaultDateTypeAdapter.deserializeToDate(JsonReader)","39","39","| gin.edit.matched.MatchedReplaceStatement ""src/main/java/com/google/gson/internal/bind/DefaultDateTypeAdapter.java"":201 -> ""src/main/java/com/google/gson/internal/bind/DefaultDateTypeAdapter.java"":698 |","false","false","0.0","1.7976931348623157E308","-1.7976931348623157E308"
"com.google.gson.internal.bind.DefaultDateTypeAdapter.com.google.gson.internal.bind.DefaultDateTypeAdapter.deserializeToDate(JsonReader)","40","40","| gin.edit.modifynode.BinaryOperatorReplacement  ""src/main/java/com/google/gson/internal/bind/DefaultDateTypeAdapter.java"":732 PLUS -> REMAINDER |","false","false","0.0","1.7976931348623157E308","-1.7976931348623157E308"
"com.google.gson.internal.bind.DefaultDateTypeAdapter.com.google.gson.internal.bind.DefaultDateTypeAdapter.deserializeToDate(JsonReader)","41","41","| gin.edit.statement.DeleteStatement ""src/main/java/com/google/gson/internal/bind/DefaultDateTypeAdapter.java"":665 |","true","false","26.290792","1.7976931348623157E308","-1.7976931348623157E308"
"com.google.gson.internal.bind.DefaultDateTypeAdapter.com.google.gson.internal.bind.DefaultDateTypeAdapter.deserializeToDate(JsonReader)","42","42","| gin.edit.matched.MatchedCopyStatement ""src/main/java/com/google/gson/internal/bind/DefaultDateTypeAdapter.java"":202 -> ""src/main/java/com/google/gson/internal/bind/DefaultDateTypeAdapter.java"":685:686 |","false","false","0.0","1.7976931348623157E308","-1.7976931348623157E308"
"com.google.gson.internal.bind.DefaultDateTypeAdapter.com.google.gson.internal.bind.DefaultDateTypeAdapter.deserializeToDate(JsonReader)","43","43","| gin.edit.matched.MatchedSwapStatement ""src/main/java/com/google/gson/internal/bind/DefaultDateTypeAdapter.java"":242 <-> ""src/main/java/com/google/gson/internal/bind/DefaultDateTypeAdapter.java"":726 |","false","false","0.0","1.7976931348623157E308","-1.7976931348623157E308"
"com.google.gson.internal.bind.DefaultDateTypeAdapter.com.google.gson.internal.bind.DefaultDateTypeAdapter.deserializeToDate(JsonReader)","44","44","|","true","true","60.585335","60.0","7.0"
"com.google.gson.internal.bind.DefaultDateTypeAdapter.com.google.gson.internal.bind.DefaultDateTypeAdapter.deserializeToDate(JsonReader)","45","45","|","true","true","62.076916","62.0","5.0"
"com.google.gson.internal.bind.DefaultDateTypeAdapter.com.google.gson.internal.bind.DefaultDateTypeAdapter.deserializeToDate(JsonReader)","46","46","|","true","true","60.48671","60.0","7.0"
"com.google.gson.internal.bind.DefaultDateTypeAdapter.com.google.gson.internal.bind.DefaultDateTypeAdapter.deserializeToDate(JsonReader)","47","47","|","true","true","67.32533","67.0","0.0"
"com.google.gson.internal.bind.DefaultDateTypeAdapter.com.google.gson.internal.bind.DefaultDateTypeAdapter.deserializeToDate(JsonReader)","48","48","|","true","true","65.82758","65.0","2.0"
"com.google.gson.internal.bind.DefaultDateTypeAdapter.com.google.gson.internal.bind.DefaultDateTypeAdapter.deserializeToDate(JsonReader)","49","49","|","true","true","63.402542","63.0","4.0"
"com.google.gson.internal.bind.DefaultDateTypeAdapter.com.google.gson.internal.bind.DefaultDateTypeAdapter.deserializeToDate(JsonReader)","50","50","|","true","true","65.70613","65.0","2.0"
"com.google.gson.internal.bind.DefaultDateTypeAdapter.com.google.gson.internal.bind.DefaultDateTypeAdapter.deserializeToDate(JsonReader)","51","51","| gin.edit.matched.MatchedSwapStatement ""src/main/java/com/google/gson/internal/bind/DefaultDateTypeAdapter.java"":674 <-> ""src/main/java/com/google/gson/internal/bind/DefaultDateTypeAdapter.java"":674 |","true","true","61.55929","61.0","6.0"
"com.google.gson.internal.bind.DefaultDateTypeAdapter.com.google.gson.internal.bind.DefaultDateTypeAdapter.deserializeToDate(JsonReader)","52","52","| gin.edit.statement.DeleteStatement ""src/main/java/com/google/gson/internal/bind/DefaultDateTypeAdapter.java"":665 |","true","false","26.369793","1.7976931348623157E308","-1.7976931348623157E308"
"com.google.gson.internal.bind.DefaultDateTypeAdapter.com.google.gson.internal.bind.DefaultDateTypeAdapter.deserializeToDate(JsonReader)","53","53","| gin.edit.matched.MatchedSwapStatement ""src/main/java/com/google/gson/internal/bind/DefaultDateTypeAdapter.java"":708 <-> ""src/main/java/com/google/gson/internal/bind/DefaultDateTypeAdapter.java"":708 |","true","true","63.17496","63.0","4.0"
"com.google.gson.internal.bind.DefaultDateTypeAdapter.com.google.gson.internal.bind.DefaultDateTypeAdapter.deserializeToDate(JsonReader)","54","54","| gin.edit.matched.MatchedCopyStatement ""src/main/java/com/google/gson/internal/bind/DefaultDateTypeAdapter.java"":491 -> ""src/main/java/com/google/gson/internal/bind/DefaultDateTypeAdapter.java"":673:674 |","false","false","0.0","1.7976931348623157E308","-1.7976931348623157E308"
"com.google.gson.internal.bind.DefaultDateTypeAdapter.com.google.gson.internal.bind.DefaultDateTypeAdapter.deserializeToDate(JsonReader)","55","55","|","true","true","62.351875","62.0","5.0"
"com.google.gson.internal.bind.DefaultDateTypeAdapter.com.google.gson.internal.bind.DefaultDateTypeAdapter.deserializeToDate(JsonReader)","56","56","| gin.edit.matched.MatchedSwapStatement ""src/main/java/com/google/gson/internal/bind/DefaultDateTypeAdapter.java"":727 <-> ""src/main/java/com/google/gson/internal/bind/DefaultDateTypeAdapter.java"":727 |","true","true","61.414085","61.0","6.0"
"com.google.gson.internal.bind.DefaultDateTypeAdapter.com.google.gson.internal.bind.DefaultDateTypeAdapter.deserializeToDate(JsonReader)","57","57","| gin.edit.statement.CopyStatement ""src/main/java/com/google/gson/internal/bind/DefaultDateTypeAdapter.java"":539 -> ""src/main/java/com/google/gson/internal/bind/DefaultDateTypeAdapter.java"":685:685 |","false","false","0.0","1.7976931348623157E308","-1.7976931348623157E308"
"com.google.gson.internal.bind.DefaultDateTypeAdapter.com.google.gson.internal.bind.DefaultDateTypeAdapter.deserializeToDate(JsonReader)","58","58","| gin.edit.statement.ReplaceStatement ""src/main/java/com/google/gson/internal/bind/DefaultDateTypeAdapter.java"":265 -> ""src/main/java/com/google/gson/internal/bind/DefaultDateTypeAdapter.java"":665 |","false","false","0.0","1.7976931348623157E308","-1.7976931348623157E308"
"com.google.gson.internal.bind.DefaultDateTypeAdapter.com.google.gson.internal.bind.DefaultDateTypeAdapter.deserializeToDate(JsonReader)","59","59","| gin.edit.statement.SwapStatement ""src/main/java/com/google/gson/internal/bind/DefaultDateTypeAdapter.java"":726 <-> ""src/main/java/com/google/gson/internal/bind/DefaultDateTypeAdapter.java"":701 |","false","false","0.0","1.7976931348623157E308","-1.7976931348623157E308"
"com.google.gson.internal.bind.DefaultDateTypeAdapter.com.google.gson.internal.bind.DefaultDateTypeAdapter.deserializeToDate(JsonReader)","60","60","| gin.edit.statement.MoveStatement ""src/main/java/com/google/gson/internal/bind/DefaultDateTypeAdapter.java"":685 -> ""src/main/java/com/google/gson/internal/bind/DefaultDateTypeAdapter.java"":726:726 |","false","false","0.0","1.7976931348623157E308","-1.7976931348623157E308"
"com.google.gson.internal.bind.DefaultDateTypeAdapter.com.google.gson.internal.bind.DefaultDateTypeAdapter.deserializeToDate(JsonReader)","61","61","| gin.edit.matched.MatchedDeleteStatement ""src/main/java/com/google/gson/internal/bind/DefaultDateTypeAdapter.java"":726 |","false","false","0.0","1.7976931348623157E308","-1.7976931348623157E308"
"com.google.gson.internal.bind.DefaultDateTypeAdapter.com.google.gson.internal.bind.DefaultDateTypeAdapter.deserializeToDate(JsonReader)","62","62","| gin.edit.matched.MatchedReplaceStatement ""src/main/java/com/google/gson/internal/bind/DefaultDateTypeAdapter.java"":509 -> ""src/main/java/com/google/gson/internal/bind/DefaultDateTypeAdapter.java"":726 |","false","false","0.0","1.7976931348623157E308","-1.7976931348623157E308"
"com.google.gson.internal.bind.DefaultDateTypeAdapter.com.google.gson.internal.bind.DefaultDateTypeAdapter.deserializeToDate(JsonReader)","63","63","| gin.edit.modifynode.BinaryOperatorReplacement  ""src/main/java/com/google/gson/internal/bind/DefaultDateTypeAdapter.java"":731 PLUS -> UNSIGNED_RIGHT_SHIFT |","false","false","0.0","1.7976931348623157E308","-1.7976931348623157E308"
"com.google.gson.internal.bind.DefaultDateTypeAdapter.com.google.gson.internal.bind.DefaultDateTypeAdapter.deserializeToDate(JsonReader)","64","64","|","true","true","62.92433","62.0","5.0"
"com.google.gson.internal.bind.DefaultDateTypeAdapter.com.google.gson.internal.bind.DefaultDateTypeAdapter.deserializeToDate(JsonReader)","65","65","| gin.edit.matched.MatchedSwapStatement ""src/main/java/com/google/gson/internal/bind/DefaultDateTypeAdapter.java"":708 <-> ""src/main/java/com/google/gson/internal/bind/DefaultDateTypeAdapter.java"":684 |","false","false","0.0","1.7976931348623157E308","-1.7976931348623157E308"
"com.google.gson.internal.bind.DefaultDateTypeAdapter.com.google.gson.internal.bind.DefaultDateTypeAdapter.deserializeToDate(JsonReader)","66","66","|","true","true","61.747623","61.0","6.0"
"com.google.gson.internal.bind.DefaultDateTypeAdapter.com.google.gson.internal.bind.DefaultDateTypeAdapter.deserializeToDate(JsonReader)","67","67","|","true","true","63.022293","63.0","4.0"
"com.google.gson.internal.bind.DefaultDateTypeAdapter.com.google.gson.internal.bind.DefaultDateTypeAdapter.deserializeToDate(JsonReader)","68","68","|","true","true","62.47371","62.0","5.0"
"com.google.gson.internal.bind.DefaultDateTypeAdapter.com.google.gson.internal.bind.DefaultDateTypeAdapter.deserializeToDate(JsonReader)","69","69","|","true","true","64.13379","64.0","3.0"
"com.google.gson.internal.bind.DefaultDateTypeAdapter.com.google.gson.internal.bind.DefaultDateTypeAdapter.deserializeToDate(JsonReader)","70","70","|","true","true","65.14108","65.0","2.0"
"com.google.gson.internal.bind.DefaultDateTypeAdapter.com.google.gson.internal.bind.DefaultDateTypeAdapter.deserializeToDate(JsonReader)","71","71","|","true","true","62.05633","62.0","5.0"
"com.google.gson.internal.bind.DefaultDateTypeAdapter.com.google.gson.internal.bind.DefaultDateTypeAdapter.deserializeToDate(JsonReader)","72","72","|","true","true","61.199333","61.0","6.0"
"com.google.gson.internal.bind.DefaultDateTypeAdapter.com.google.gson.internal.bind.DefaultDateTypeAdapter.deserializeToDate(JsonReader)","73","73","|","true","true","69.040665","69.0","-2.0"
"com.google.gson.internal.bind.DefaultDateTypeAdapter.com.google.gson.internal.bind.DefaultDateTypeAdapter.deserializeToDate(JsonReader)","74","74","| gin.edit.matched.MatchedSwapStatement ""src/main/java/com/google/gson/internal/bind/DefaultDateTypeAdapter.java"":665 <-> ""src/main/java/com/google/gson/internal/bind/DefaultDateTypeAdapter.java"":665 |","true","true","60.79333","60.0","7.0"
"com.google.gson.internal.bind.DefaultDateTypeAdapter.com.google.gson.internal.bind.DefaultDateTypeAdapter.deserializeToDate(JsonReader)","75","75","| gin.edit.matched.MatchedSwapStatement ""src/main/java/com/google/gson/internal/bind/DefaultDateTypeAdapter.java"":620 <-> ""src/main/java/com/google/gson/internal/bind/DefaultDateTypeAdapter.java"":710 |","false","false","0.0","1.7976931348623157E308","-1.7976931348623157E308"
"com.google.gson.internal.bind.DefaultDateTypeAdapter.com.google.gson.internal.bind.DefaultDateTypeAdapter.deserializeToDate(JsonReader)","76","76","|","true","true","62.667625","62.0","5.0"
"com.google.gson.internal.bind.DefaultDateTypeAdapter.com.google.gson.internal.bind.DefaultDateTypeAdapter.deserializeToDate(JsonReader)","77","77","| gin.edit.statement.DeleteStatement ""src/main/java/com/google/gson/internal/bind/DefaultDateTypeAdapter.java"":726 |","false","false","0.0","1.7976931348623157E308","-1.7976931348623157E308"
"com.google.gson.internal.bind.DefaultDateTypeAdapter.com.google.gson.internal.bind.DefaultDateTypeAdapter.deserializeToDate(JsonReader)","78","78","| gin.edit.matched.MatchedCopyStatement ""src/main/java/com/google/gson/internal/bind/DefaultDateTypeAdapter.java"":552 -> ""src/main/java/com/google/gson/internal/bind/DefaultDateTypeAdapter.java"":726:727 |","false","false","0.0","1.7976931348623157E308","-1.7976931348623157E308"
"com.google.gson.internal.bind.DefaultDateTypeAdapter.com.google.gson.internal.bind.DefaultDateTypeAdapter.deserializeToDate(JsonReader)","79","79","|","true","true","63.312","63.0","4.0"
"com.google.gson.internal.bind.DefaultDateTypeAdapter.com.google.gson.internal.bind.DefaultDateTypeAdapter.deserializeToDate(JsonReader)","80","80","|","true","true","66.60721","66.0","1.0"
"com.google.gson.internal.bind.DefaultDateTypeAdapter.com.google.gson.internal.bind.DefaultDateTypeAdapter.deserializeToDate(JsonReader)","81","81","|","true","true","62.10767","62.0","5.0"
"com.google.gson.internal.bind.DefaultDateTypeAdapter.com.google.gson.internal.bind.DefaultDateTypeAdapter.deserializeToDate(JsonReader)","82","82","|","true","true","63.324417","63.0","4.0"
"com.google.gson.internal.bind.DefaultDateTypeAdapter.com.google.gson.internal.bind.DefaultDateTypeAdapter.deserializeToDate(JsonReader)","83","83","| gin.edit.statement.CopyStatement ""src/main/java/com/google/gson/internal/bind/DefaultDateTypeAdapter.java"":786 -> ""src/main/java/com/google/gson/internal/bind/DefaultDateTypeAdapter.java"":709:709 |","false","false","0.0","1.7976931348623157E308","-1.7976931348623157E308"
"com.google.gson.internal.bind.DefaultDateTypeAdapter.com.google.gson.internal.bind.DefaultDateTypeAdapter.deserializeToDate(JsonReader)","84","84","| gin.edit.statement.ReplaceStatement ""src/main/java/com/google/gson/internal/bind/DefaultDateTypeAdapter.java"":573 -> ""src/main/java/com/google/gson/internal/bind/DefaultDateTypeAdapter.java"":686 |","false","false","0.0","1.7976931348623157E308","-1.7976931348623157E308"
"com.google.gson.internal.bind.DefaultDateTypeAdapter.com.google.gson.internal.bind.DefaultDateTypeAdapter.deserializeToDate(JsonReader)","85","85","| gin.edit.statement.SwapStatement ""src/main/java/com/google/gson/internal/bind/DefaultDateTypeAdapter.java"":701 <-> ""src/main/java/com/google/gson/internal/bind/DefaultDateTypeAdapter.java"":661 |","false","false","0.0","1.7976931348623157E308","-1.7976931348623157E308"
"com.google.gson.internal.bind.DefaultDateTypeAdapter.com.google.gson.internal.bind.DefaultDateTypeAdapter.deserializeToDate(JsonReader)","86","86","| gin.edit.statement.MoveStatement ""src/main/java/com/google/gson/internal/bind/DefaultDateTypeAdapter.java"":700 -> ""src/main/java/com/google/gson/internal/bind/DefaultDateTypeAdapter.java"":709:709 |","false","false","0.0","1.7976931348623157E308","-1.7976931348623157E308"
"com.google.gson.internal.bind.DefaultDateTypeAdapter.com.google.gson.internal.bind.DefaultDateTypeAdapter.deserializeToDate(JsonReader)","87","87","| gin.edit.matched.MatchedDeleteStatement ""src/main/java/com/google/gson/internal/bind/DefaultDateTypeAdapter.java"":665 |","true","false","26.641665","1.7976931348623157E308","-1.7976931348623157E308"
"com.google.gson.internal.bind.DefaultDateTypeAdapter.com.google.gson.internal.bind.DefaultDateTypeAdapter.deserializeToDate(JsonReader)","88","88","| gin.edit.matched.MatchedReplaceStatement ""src/main/java/com/google/gson/internal/bind/DefaultDateTypeAdapter.java"":708 -> ""src/main/java/com/google/gson/internal/bind/DefaultDateTypeAdapter.java"":708 |","true","true","61.24287","61.0","6.0"
"com.google.gson.internal.bind.DefaultDateTypeAdapter.com.google.gson.internal.bind.DefaultDateTypeAdapter.deserializeToDate(JsonReader)","89","89","| gin.edit.matched.MatchedReplaceStatement ""src/main/java/com/google/gson/internal/bind/DefaultDateTypeAdapter.java"":603 -> ""src/main/java/com/google/gson/internal/bind/DefaultDateTypeAdapter.java"":698 |","true","false","0.0","1.7976931348623157E308","-1.7976931348623157E308"
"com.google.gson.internal.bind.DefaultDateTypeAdapter.com.google.gson.internal.bind.DefaultDateTypeAdapter.deserializeToDate(JsonReader)","90","90","| gin.edit.modifynode.BinaryOperatorReplacement  ""src/main/java/com/google/gson/internal/bind/DefaultDateTypeAdapter.java"":733 PLUS -> MINUS |","false","false","0.0","1.7976931348623157E308","-1.7976931348623157E308"
"com.google.gson.internal.bind.DefaultDateTypeAdapter.com.google.gson.internal.bind.DefaultDateTypeAdapter.deserializeToDate(JsonReader)","91","91","|","true","true","63.550293","63.0","4.0"
"com.google.gson.internal.bind.DefaultDateTypeAdapter.com.google.gson.internal.bind.DefaultDateTypeAdapter.deserializeToDate(JsonReader)","92","92","|","true","true","63.40404","63.0","4.0"
"com.google.gson.internal.bind.DefaultDateTypeAdapter.com.google.gson.internal.bind.DefaultDateTypeAdapter.deserializeToDate(JsonReader)","93","93","|","true","true","62.80721","62.0","5.0"
"com.google.gson.internal.bind.DefaultDateTypeAdapter.com.google.gson.internal.bind.DefaultDateTypeAdapter.deserializeToDate(JsonReader)","94","94","|","true","true","63.024124","63.0","4.0"
"com.google.gson.internal.bind.DefaultDateTypeAdapter.com.google.gson.internal.bind.DefaultDateTypeAdapter.deserializeToDate(JsonReader)","95","95","|","true","true","62.986336","62.0","5.0"
"com.google.gson.internal.bind.DefaultDateTypeAdapter.com.google.gson.internal.bind.DefaultDateTypeAdapter.deserializeToDate(JsonReader)","96","96","| gin.edit.matched.MatchedSwapStatement ""src/main/java/com/google/gson/internal/bind/DefaultDateTypeAdapter.java"":293 <-> ""src/main/java/com/google/gson/internal/bind/DefaultDateTypeAdapter.java"":726 |","false","false","0.0","1.7976931348623157E308","-1.7976931348623157E308"
"com.google.gson.internal.bind.DefaultDateTypeAdapter.com.google.gson.internal.bind.DefaultDateTypeAdapter.deserializeToDate(JsonReader)","97","97","|","true","true","62.64675","62.0","5.0"
"com.google.gson.internal.bind.DefaultDateTypeAdapter.com.google.gson.internal.bind.DefaultDateTypeAdapter.deserializeToDate(JsonReader)","98","98","|","true","true","63.71683","63.0","4.0"
"com.google.gson.internal.bind.DefaultDateTypeAdapter.com.google.gson.internal.bind.DefaultDateTypeAdapter.deserializeToDate(JsonReader)","99","99","|","true","true","61.740124","61.0","6.0"
"com.google.gson.internal.bind.util.ISO8601Utils.com.google.gson.internal.bind.util.ISO8601Utils.parse(String,ParsePosition)","-1","0","|","true","true","11.255167","11.0","0.0"
"com.google.gson.internal.bind.util.ISO8601Utils.com.google.gson.internal.bind.util.ISO8601Utils.parse(String,ParsePosition)","1","1","| gin.edit.statement.MoveStatement ""src/main/java/com/google/gson/internal/bind/util/ISO8601Utils.java"":850 -> ""src/main/java/com/google/gson/internal/bind/util/ISO8601Utils.java"":748:779 |","false","false","0.0","1.7976931348623157E308","-1.7976931348623157E308"
"com.google.gson.internal.bind.util.ISO8601Utils.com.google.gson.internal.bind.util.ISO8601Utils.parse(String,ParsePosition)","2","2","| gin.edit.statement.ReplaceStatement ""src/main/java/com/google/gson/internal/bind/util/ISO8601Utils.java"":328 -> ""src/main/java/com/google/gson/internal/bind/util/ISO8601Utils.java"":964 |","false","false","0.0","1.7976931348623157E308","-1.7976931348623157E308"
"com.google.gson.internal.bind.util.ISO8601Utils.com.google.gson.internal.bind.util.ISO8601Utils.parse(String,ParsePosition)","3","3","| gin.edit.matched.MatchedReplaceStatement ""src/main/java/com/google/gson/internal/bind/util/ISO8601Utils.java"":935 -> ""src/main/java/com/google/gson/internal/bind/util/ISO8601Utils.java"":1146 |","true","false","11.969293","1.7976931348623157E308","-1.7976931348623157E308"
"com.google.gson.internal.bind.util.ISO8601Utils.com.google.gson.internal.bind.util.ISO8601Utils.parse(String,ParsePosition)","4","4","| gin.edit.modifynode.BinaryOperatorReplacement  ""src/main/java/com/google/gson/internal/bind/util/ISO8601Utils.java"":603 AND -> NOT_EQUALS |","true","false","11.112668","1.7976931348623157E308","-1.7976931348623157E308"
"com.google.gson.internal.bind.util.ISO8601Utils.com.google.gson.internal.bind.util.ISO8601Utils.parse(String,ParsePosition)","5","5","| gin.edit.modifynode.UnaryOperatorReplacement  ""src/main/java/com/google/gson/internal/bind/util/ISO8601Utils.java"":1044 LOGICAL_COMPLEMENT -> MINUS |","false","false","0.0","1.7976931348623157E308","-1.7976931348623157E308"
"com.google.gson.internal.bind.util.ISO8601Utils.com.google.gson.internal.bind.util.ISO8601Utils.parse(String,ParsePosition)","6","6","| gin.edit.matched.MatchedCopyStatement ""src/main/java/com/google/gson/internal/bind/util/ISO8601Utils.java"":1449 -> ""src/main/java/com/google/gson/internal/bind/util/ISO8601Utils.java"":883:884 |","false","false","0.0","1.7976931348623157E308","-1.7976931348623157E308"
"com.google.gson.internal.bind.util.ISO8601Utils.com.google.gson.internal.bind.util.ISO8601Utils.parse(String,ParsePosition)","7","7","| gin.edit.statement.SwapStatement ""src/main/java/com/google/gson/internal/bind/util/ISO8601Utils.java"":869 <-> ""src/main/java/com/google/gson/internal/bind/util/ISO8601Utils.java"":708 |","false","false","0.0","1.7976931348623157E308","-1.7976931348623157E308"
"com.google.gson.internal.bind.util.ISO8601Utils.com.google.gson.internal.bind.util.ISO8601Utils.parse(String,ParsePosition)","8","8","| gin.edit.matched.MatchedSwapStatement ""src/main/java/com/google/gson/internal/bind/util/ISO8601Utils.java"":100 <-> ""src/main/java/com/google/gson/internal/bind/util/ISO8601Utils.java"":483 |","false","false","0.0","1.7976931348623157E308","-1.7976931348623157E308"
"com.google.gson.internal.bind.util.ISO8601Utils.com.google.gson.internal.bind.util.ISO8601Utils.parse(String,ParsePosition)","9","9","| gin.edit.statement.DeleteStatement ""src/main/java/com/google/gson/internal/bind/util/ISO8601Utils.java"":708 |","true","false","11.193998","1.7976931348623157E308","-1.7976931348623157E308"
"com.google.gson.internal.bind.util.ISO8601Utils.com.google.gson.internal.bind.util.ISO8601Utils.parse(String,ParsePosition)","10","10","| gin.edit.statement.CopyStatement ""src/main/java/com/google/gson/internal/bind/util/ISO8601Utils.java"":721 -> ""src/main/java/com/google/gson/internal/bind/util/ISO8601Utils.java"":1072:1072 |","true","true","11.091166","11.0","0.0"
"com.google.gson.internal.bind.util.ISO8601Utils.com.google.gson.internal.bind.util.ISO8601Utils.parse(String,ParsePosition)","11","11","| gin.edit.matched.MatchedDeleteStatement ""src/main/java/com/google/gson/internal/bind/util/ISO8601Utils.java"":788 |","true","true","11.1455","11.0","0.0"
"com.google.gson.internal.bind.util.ISO8601Utils.com.google.gson.internal.bind.util.ISO8601Utils.parse(String,ParsePosition)","12","12","| gin.edit.statement.CopyStatement ""src/main/java/com/google/gson/internal/bind/util/ISO8601Utils.java"":484 -> ""src/main/java/com/google/gson/internal/bind/util/ISO8601Utils.java"":787:787 |","false","false","0.0","1.7976931348623157E308","-1.7976931348623157E308"
"com.google.gson.internal.bind.util.ISO8601Utils.com.google.gson.internal.bind.util.ISO8601Utils.parse(String,ParsePosition)","13","13","| gin.edit.matched.MatchedDeleteStatement ""src/main/java/com/google/gson/internal/bind/util/ISO8601Utils.java"":1022 |","true","true","10.7865","10.0","1.0"
"com.google.gson.internal.bind.util.ISO8601Utils.com.google.gson.internal.bind.util.ISO8601Utils.parse(String,ParsePosition)","14","14","|","true","true","10.716041","10.0","1.0"
"com.google.gson.internal.bind.util.ISO8601Utils.com.google.gson.internal.bind.util.ISO8601Utils.parse(String,ParsePosition)","15","15","| gin.edit.matched.MatchedDeleteStatement ""src/main/java/com/google/gson/internal/bind/util/ISO8601Utils.java"":1022 | gin.edit.matched.MatchedDeleteStatement ""src/main/java/com/google/gson/internal/bind/util/ISO8601Utils.java"":1012 |","true","true","10.592251","10.0","1.0"
"com.google.gson.internal.bind.util.ISO8601Utils.com.google.gson.internal.bind.util.ISO8601Utils.parse(String,ParsePosition)","16","16","|","true","true","11.492916","11.0","0.0"
"com.google.gson.internal.bind.util.ISO8601Utils.com.google.gson.internal.bind.util.ISO8601Utils.parse(String,ParsePosition)","17","17","| gin.edit.matched.MatchedDeleteStatement ""src/main/java/com/google/gson/internal/bind/util/ISO8601Utils.java"":1022 | gin.edit.statement.ReplaceStatement ""src/main/java/com/google/gson/internal/bind/util/ISO8601Utils.java"":934 -> ""src/main/java/com/google/gson/internal/bind/util/ISO8601Utils.java"":1228 |","false","false","0.0","1.7976931348623157E308","-1.7976931348623157E308"
"com.google.gson.internal.bind.util.ISO8601Utils.com.google.gson.internal.bind.util.ISO8601Utils.parse(String,ParsePosition)","18","18","| gin.edit.matched.MatchedDeleteStatement ""src/main/java/com/google/gson/internal/bind/util/ISO8601Utils.java"":1022 | gin.edit.statement.SwapStatement ""src/main/java/com/google/gson/internal/bind/util/ISO8601Utils.java"":655 <-> ""src/main/java/com/google/gson/internal/bind/util/ISO8601Utils.java"":1052 |","false","false","0.0","1.7976931348623157E308","-1.7976931348623157E308"
"com.google.gson.internal.bind.util.ISO8601Utils.com.google.gson.internal.bind.util.ISO8601Utils.parse(String,ParsePosition)","19","19","|","true","true","11.208333","11.0","0.0"
"com.google.gson.internal.bind.util.ISO8601Utils.com.google.gson.internal.bind.util.ISO8601Utils.parse(String,ParsePosition)","20","20","|","true","true","10.36346","10.0","1.0"
"com.google.gson.internal.bind.util.ISO8601Utils.com.google.gson.internal.bind.util.ISO8601Utils.parse(String,ParsePosition)","21","21","| gin.edit.matched.MatchedDeleteStatement ""src/main/java/com/google/gson/internal/bind/util/ISO8601Utils.java"":1022 | gin.edit.matched.MatchedReplaceStatement ""src/main/java/com/google/gson/internal/bind/util/ISO8601Utils.java"":128 -> ""src/main/java/com/google/gson/internal/bind/util/ISO8601Utils.java"":896 |","false","false","0.0","1.7976931348623157E308","-1.7976931348623157E308"
"com.google.gson.internal.bind.util.ISO8601Utils.com.google.gson.internal.bind.util.ISO8601Utils.parse(String,ParsePosition)","22","22","| gin.edit.matched.MatchedDeleteStatement ""src/main/java/com/google/gson/internal/bind/util/ISO8601Utils.java"":1022 | gin.edit.matched.MatchedSwapStatement ""src/main/java/com/google/gson/internal/bind/util/ISO8601Utils.java"":1179 <-> ""src/main/java/com/google/gson/internal/bind/util/ISO8601Utils.java"":1285 |","false","false","0.0","1.7976931348623157E308","-1.7976931348623157E308"
"com.google.gson.internal.bind.util.ISO8601Utils.com.google.gson.internal.bind.util.ISO8601Utils.parse(String,ParsePosition)","23","23","|","true","true","11.044459","11.0","0.0"
"com.google.gson.internal.bind.util.ISO8601Utils.com.google.gson.internal.bind.util.ISO8601Utils.parse(String,ParsePosition)","24","24","|","true","true","10.913458","10.0","1.0"
"com.google.gson.internal.bind.util.ISO8601Utils.com.google.gson.internal.bind.util.ISO8601Utils.parse(String,ParsePosition)","25","25","|","true","true","10.918251","10.0","1.0"
"com.google.gson.internal.bind.util.ISO8601Utils.com.google.gson.internal.bind.util.ISO8601Utils.parse(String,ParsePosition)","26","26","|","true","true","12.254042","12.0","-1.0"
"com.google.gson.internal.bind.util.ISO8601Utils.com.google.gson.internal.bind.util.ISO8601Utils.parse(String,ParsePosition)","27","27","| gin.edit.matched.MatchedDeleteStatement ""src/main/java/com/google/gson/internal/bind/util/ISO8601Utils.java"":1022 | gin.edit.matched.MatchedCopyStatement ""src/main/java/com/google/gson/internal/bind/util/ISO8601Utils.java"":1491 -> ""src/main/java/com/google/gson/internal/bind/util/ISO8601Utils.java"":721:733 |","false","false","0.0","1.7976931348623157E308","-1.7976931348623157E308"
"com.google.gson.internal.bind.util.ISO8601Utils.com.google.gson.internal.bind.util.ISO8601Utils.parse(String,ParsePosition)","28","28","| gin.edit.matched.MatchedDeleteStatement ""src/main/java/com/google/gson/internal/bind/util/ISO8601Utils.java"":1022 | gin.edit.modifynode.UnaryOperatorReplacement  ""src/main/java/com/google/gson/internal/bind/util/ISO8601Utils.java"":604 LOGICAL_COMPLEMENT -> BITWISE_COMPLEMENT |","false","false","0.0","1.7976931348623157E308","-1.7976931348623157E308"
"com.google.gson.internal.bind.util.ISO8601Utils.com.google.gson.internal.bind.util.ISO8601Utils.parse(String,ParsePosition)","29","29","|","true","true","10.831916","10.0","1.0"
"com.google.gson.internal.bind.util.ISO8601Utils.com.google.gson.internal.bind.util.ISO8601Utils.parse(String,ParsePosition)","30","30","|","true","true","10.617084","10.0","1.0"
"com.google.gson.internal.bind.util.ISO8601Utils.com.google.gson.internal.bind.util.ISO8601Utils.parse(String,ParsePosition)","31","31","|","true","true","10.670083","10.0","1.0"
"com.google.gson.internal.bind.util.ISO8601Utils.com.google.gson.internal.bind.util.ISO8601Utils.parse(String,ParsePosition)","32","32","| gin.edit.matched.MatchedDeleteStatement ""src/main/java/com/google/gson/internal/bind/util/ISO8601Utils.java"":1022 | gin.edit.matched.MatchedDeleteStatement ""src/main/java/com/google/gson/internal/bind/util/ISO8601Utils.java"":616 |","false","false","0.0","1.7976931348623157E308","-1.7976931348623157E308"
"com.google.gson.internal.bind.util.ISO8601Utils.com.google.gson.internal.bind.util.ISO8601Utils.parse(String,ParsePosition)","33","33","| gin.edit.matched.MatchedDeleteStatement ""src/main/java/com/google/gson/internal/bind/util/ISO8601Utils.java"":1022 | gin.edit.statement.DeleteStatement ""src/main/java/com/google/gson/internal/bind/util/ISO8601Utils.java"":1094 |","true","false","10.804876","1.7976931348623157E308","-1.7976931348623157E308"
"com.google.gson.internal.bind.util.ISO8601Utils.com.google.gson.internal.bind.util.ISO8601Utils.parse(String,ParsePosition)","34","34","|","true","true","10.992376","10.0","1.0"
"com.google.gson.internal.bind.util.ISO8601Utils.com.google.gson.internal.bind.util.ISO8601Utils.parse(String,ParsePosition)","35","35","|","true","true","11.021958","11.0","0.0"
"com.google.gson.internal.bind.util.ISO8601Utils.com.google.gson.internal.bind.util.ISO8601Utils.parse(String,ParsePosition)","36","36","| gin.edit.matched.MatchedDeleteStatement ""src/main/java/com/google/gson/internal/bind/util/ISO8601Utils.java"":1022 | gin.edit.statement.CopyStatement ""src/main/java/com/google/gson/internal/bind/util/ISO8601Utils.java"":329 -> ""src/main/java/com/google/gson/internal/bind/util/ISO8601Utils.java"":934:935 |","false","false","0.0","1.7976931348623157E308","-1.7976931348623157E308"
"com.google.gson.internal.bind.util.ISO8601Utils.com.google.gson.internal.bind.util.ISO8601Utils.parse(String,ParsePosition)","37","37","| gin.edit.matched.MatchedDeleteStatement ""src/main/java/com/google/gson/internal/bind/util/ISO8601Utils.java"":1022 | gin.edit.statement.MoveStatement ""src/main/java/com/google/gson/internal/bind/util/ISO8601Utils.java"":615 -> ""src/main/java/com/google/gson/internal/bind/util/ISO8601Utils.java"":474:1292 |","false","false","0.0","1.7976931348623157E308","-1.7976931348623157E308"
"com.google.gson.internal.bind.util.ISO8601Utils.com.google.gson.internal.bind.util.ISO8601Utils.parse(String,ParsePosition)","38","38","|","true","true","10.870834","10.0","1.0"
"com.google.gson.internal.bind.util.ISO8601Utils.com.google.gson.internal.bind.util.ISO8601Utils.parse(String,ParsePosition)","39","39","|","true","true","11.528584","11.0","0.0"
"com.google.gson.internal.bind.util.ISO8601Utils.com.google.gson.internal.bind.util.ISO8601Utils.parse(String,ParsePosition)","40","40","|","true","true","11.727209","11.0","0.0"
"com.google.gson.internal.bind.util.ISO8601Utils.com.google.gson.internal.bind.util.ISO8601Utils.parse(String,ParsePosition)","41","41","|","true","true","10.396583","10.0","1.0"
"com.google.gson.internal.bind.util.ISO8601Utils.com.google.gson.internal.bind.util.ISO8601Utils.parse(String,ParsePosition)","42","42","|","true","true","10.870166","10.0","1.0"
"com.google.gson.internal.bind.util.ISO8601Utils.com.google.gson.internal.bind.util.ISO8601Utils.parse(String,ParsePosition)","43","43","|","true","true","11.375584","11.0","0.0"
"com.google.gson.internal.bind.util.ISO8601Utils.com.google.gson.internal.bind.util.ISO8601Utils.parse(String,ParsePosition)","44","44","| gin.edit.matched.MatchedDeleteStatement ""src/main/java/com/google/gson/internal/bind/util/ISO8601Utils.java"":1022 | gin.edit.matched.MatchedSwapStatement ""src/main/java/com/google/gson/internal/bind/util/ISO8601Utils.java"":1486 <-> ""src/main/java/com/google/gson/internal/bind/util/ISO8601Utils.java"":889 |","false","false","0.0","1.7976931348623157E308","-1.7976931348623157E308"
"com.google.gson.internal.bind.util.ISO8601Utils.com.google.gson.internal.bind.util.ISO8601Utils.parse(String,ParsePosition)","45","45","|","true","true","10.999791","10.0","1.0"
"com.google.gson.internal.bind.util.ISO8601Utils.com.google.gson.internal.bind.util.ISO8601Utils.parse(String,ParsePosition)","46","46","| gin.edit.matched.MatchedDeleteStatement ""src/main/java/com/google/gson/internal/bind/util/ISO8601Utils.java"":1022 | gin.edit.matched.MatchedCopyStatement ""src/main/java/com/google/gson/internal/bind/util/ISO8601Utils.java"":1179 -> ""src/main/java/com/google/gson/internal/bind/util/ISO8601Utils.java"":721:733 |","true","true","12.051542","12.0","-1.0"
"com.google.gson.internal.bind.util.ISO8601Utils.com.google.gson.internal.bind.util.ISO8601Utils.parse(String,ParsePosition)","47","47","|","true","true","10.837333","10.0","1.0"
"com.google.gson.internal.bind.util.ISO8601Utils.com.google.gson.internal.bind.util.ISO8601Utils.parse(String,ParsePosition)","48","48","|","true","true","10.918333","10.0","1.0"
"com.google.gson.internal.bind.util.ISO8601Utils.com.google.gson.internal.bind.util.ISO8601Utils.parse(String,ParsePosition)","49","49","|","true","true","11.666833","11.0","0.0"
"com.google.gson.internal.bind.util.ISO8601Utils.com.google.gson.internal.bind.util.ISO8601Utils.parse(String,ParsePosition)","50","50","|","true","true","11.158208","11.0","0.0"
"com.google.gson.internal.bind.util.ISO8601Utils.com.google.gson.internal.bind.util.ISO8601Utils.parse(String,ParsePosition)","51","51","| gin.edit.matched.MatchedDeleteStatement ""src/main/java/com/google/gson/internal/bind/util/ISO8601Utils.java"":1022 | gin.edit.matched.MatchedDeleteStatement ""src/main/java/com/google/gson/internal/bind/util/ISO8601Utils.java"":685 |","true","false","11.836334","1.7976931348623157E308","-1.7976931348623157E308"
"com.google.gson.internal.bind.util.ISO8601Utils.com.google.gson.internal.bind.util.ISO8601Utils.parse(String,ParsePosition)","52","52","|","true","true","11.378749","11.0","0.0"
"com.google.gson.internal.bind.util.ISO8601Utils.com.google.gson.internal.bind.util.ISO8601Utils.parse(String,ParsePosition)","53","53","|","true","true","11.158291","11.0","0.0"
"com.google.gson.internal.bind.util.ISO8601Utils.com.google.gson.internal.bind.util.ISO8601Utils.parse(String,ParsePosition)","54","54","|","true","true","11.467917","11.0","0.0"
"com.google.gson.internal.bind.util.ISO8601Utils.com.google.gson.internal.bind.util.ISO8601Utils.parse(String,ParsePosition)","55","55","|","true","true","10.515792","10.0","1.0"
"com.google.gson.internal.bind.util.ISO8601Utils.com.google.gson.internal.bind.util.ISO8601Utils.parse(String,ParsePosition)","56","56","| gin.edit.matched.MatchedDeleteStatement ""src/main/java/com/google/gson/internal/bind/util/ISO8601Utils.java"":1022 | gin.edit.modifynode.BinaryOperatorReplacement  ""src/main/java/com/google/gson/internal/bind/util/ISO8601Utils.java"":1273 PLUS -> LEFT_SHIFT |","false","false","0.0","1.7976931348623157E308","-1.7976931348623157E308"
"com.google.gson.internal.bind.util.ISO8601Utils.com.google.gson.internal.bind.util.ISO8601Utils.parse(String,ParsePosition)","57","57","| gin.edit.matched.MatchedDeleteStatement ""src/main/java/com/google/gson/internal/bind/util/ISO8601Utils.java"":1022 | gin.edit.statement.CopyStatement ""src/main/java/com/google/gson/internal/bind/util/ISO8601Utils.java"":1549 -> ""src/main/java/com/google/gson/internal/bind/util/ISO8601Utils.java"":748:748 |","false","false","0.0","1.7976931348623157E308","-1.7976931348623157E308"
"com.google.gson.internal.bind.util.ISO8601Utils.com.google.gson.internal.bind.util.ISO8601Utils.parse(String,ParsePosition)","58","58","| gin.edit.matched.MatchedDeleteStatement ""src/main/java/com/google/gson/internal/bind/util/ISO8601Utils.java"":1022 | gin.edit.matched.MatchedCopyStatement ""src/main/java/com/google/gson/internal/bind/util/ISO8601Utils.java"":1238 -> ""src/main/java/com/google/gson/internal/bind/util/ISO8601Utils.java"":934:934 |","false","false","0.0","1.7976931348623157E308","-1.7976931348623157E308"
"com.google.gson.internal.bind.util.ISO8601Utils.com.google.gson.internal.bind.util.ISO8601Utils.parse(String,ParsePosition)","59","59","| gin.edit.matched.MatchedDeleteStatement ""src/main/java/com/google/gson/internal/bind/util/ISO8601Utils.java"":1022 | gin.edit.matched.MatchedReplaceStatement ""src/main/java/com/google/gson/internal/bind/util/ISO8601Utils.java"":850 -> ""src/main/java/com/google/gson/internal/bind/util/ISO8601Utils.java"":861 |","true","true","12.016999","12.0","-1.0"
"com.google.gson.internal.bind.util.ISO8601Utils.com.google.gson.internal.bind.util.ISO8601Utils.parse(String,ParsePosition)","60","60","|","true","true","11.283","11.0","0.0"
"com.google.gson.internal.bind.util.ISO8601Utils.com.google.gson.internal.bind.util.ISO8601Utils.parse(String,ParsePosition)","61","61","|","true","true","11.649167","11.0","0.0"
"com.google.gson.internal.bind.util.ISO8601Utils.com.google.gson.internal.bind.util.ISO8601Utils.parse(String,ParsePosition)","62","62","| gin.edit.matched.MatchedDeleteStatement ""src/main/java/com/google/gson/internal/bind/util/ISO8601Utils.java"":1022 | gin.edit.statement.SwapStatement ""src/main/java/com/google/gson/internal/bind/util/ISO8601Utils.java"":707 <-> ""src/main/java/com/google/gson/internal/bind/util/ISO8601Utils.java"":516 |","true","true","10.675541","10.0","1.0"
"com.google.gson.internal.bind.util.ISO8601Utils.com.google.gson.internal.bind.util.ISO8601Utils.parse(String,ParsePosition)","63","63","|","true","true","10.954083","10.0","1.0"
"com.google.gson.internal.bind.util.ISO8601Utils.com.google.gson.internal.bind.util.ISO8601Utils.parse(String,ParsePosition)","64","64","| gin.edit.matched.MatchedDeleteStatement ""src/main/java/com/google/gson/internal/bind/util/ISO8601Utils.java"":1022 | gin.edit.modifynode.UnaryOperatorReplacement  ""src/main/java/com/google/gson/internal/bind/util/ISO8601Utils.java"":1023 LOGICAL_COMPLEMENT -> PLUS |","true","true","10.887625","10.0","1.0"
"com.google.gson.internal.bind.util.ISO8601Utils.com.google.gson.internal.bind.util.ISO8601Utils.parse(String,ParsePosition)","65","65","| gin.edit.matched.MatchedDeleteStatement ""src/main/java/com/google/gson/internal/bind/util/ISO8601Utils.java"":1022 | gin.edit.statement.SwapStatement ""src/main/java/com/google/gson/internal/bind/util/ISO8601Utils.java"":1030 <-> ""src/main/java/com/google/gson/internal/bind/util/ISO8601Utils.java"":1094 |","false","false","0.0","1.7976931348623157E308","-1.7976931348623157E308"
"com.google.gson.internal.bind.util.ISO8601Utils.com.google.gson.internal.bind.util.ISO8601Utils.parse(String,ParsePosition)","66","66","|","true","true","11.339584","11.0","0.0"
"com.google.gson.internal.bind.util.ISO8601Utils.com.google.gson.internal.bind.util.ISO8601Utils.parse(String,ParsePosition)","67","67","|","true","true","11.403209","11.0","0.0"
"com.google.gson.internal.bind.util.ISO8601Utils.com.google.gson.internal.bind.util.ISO8601Utils.parse(String,ParsePosition)","68","68","|","true","true","11.066999","11.0","0.0"
"com.google.gson.internal.bind.util.ISO8601Utils.com.google.gson.internal.bind.util.ISO8601Utils.parse(String,ParsePosition)","69","69","| gin.edit.matched.MatchedDeleteStatement ""src/main/java/com/google/gson/internal/bind/util/ISO8601Utils.java"":1022 | gin.edit.statement.DeleteStatement ""src/main/java/com/google/gson/internal/bind/util/ISO8601Utils.java"":508 |","true","false","4.509917","1.7976931348623157E308","-1.7976931348623157E308"
"com.google.gson.internal.bind.util.ISO8601Utils.com.google.gson.internal.bind.util.ISO8601Utils.parse(String,ParsePosition)","70","70","| gin.edit.matched.MatchedDeleteStatement ""src/main/java/com/google/gson/internal/bind/util/ISO8601Utils.java"":1022 | gin.edit.statement.ReplaceStatement ""src/main/java/com/google/gson/internal/bind/util/ISO8601Utils.java"":508 -> ""src/main/java/com/google/gson/internal/bind/util/ISO8601Utils.java"":875 |","true","false","11.5425","1.7976931348623157E308","-1.7976931348623157E308"
"com.google.gson.internal.bind.util.ISO8601Utils.com.google.gson.internal.bind.util.ISO8601Utils.parse(String,ParsePosition)","71","71","|","true","true","10.777584","10.0","1.0"
"com.google.gson.internal.bind.util.ISO8601Utils.com.google.gson.internal.bind.util.ISO8601Utils.parse(String,ParsePosition)","72","72","|","true","true","10.717167","10.0","1.0"
"com.google.gson.internal.bind.util.ISO8601Utils.com.google.gson.internal.bind.util.ISO8601Utils.parse(String,ParsePosition)","73","73","|","true","true","10.603792","10.0","1.0"
"com.google.gson.internal.bind.util.ISO8601Utils.com.google.gson.internal.bind.util.ISO8601Utils.parse(String,ParsePosition)","74","74","|","true","true","11.244625","11.0","0.0"
"com.google.gson.internal.bind.util.ISO8601Utils.com.google.gson.internal.bind.util.ISO8601Utils.parse(String,ParsePosition)","75","75","|","true","true","10.557124","10.0","1.0"
"com.google.gson.internal.bind.util.ISO8601Utils.com.google.gson.internal.bind.util.ISO8601Utils.parse(String,ParsePosition)","76","76","| gin.edit.matched.MatchedDeleteStatement ""src/main/java/com/google/gson/internal/bind/util/ISO8601Utils.java"":1022 | gin.edit.modifynode.UnaryOperatorReplacement  ""src/main/java/com/google/gson/internal/bind/util/ISO8601Utils.java"":1023 LOGICAL_COMPLEMENT -> BITWISE_COMPLEMENT |","true","true","10.531624","10.0","1.0"
"com.google.gson.internal.bind.util.ISO8601Utils.com.google.gson.internal.bind.util.ISO8601Utils.parse(String,ParsePosition)","77","77","|","true","true","10.734583","10.0","1.0"
"com.google.gson.internal.bind.util.ISO8601Utils.com.google.gson.internal.bind.util.ISO8601Utils.parse(String,ParsePosition)","78","78","| gin.edit.matched.MatchedDeleteStatement ""src/main/java/com/google/gson/internal/bind/util/ISO8601Utils.java"":1022 | gin.edit.matched.MatchedDeleteStatement ""src/main/java/com/google/gson/internal/bind/util/ISO8601Utils.java"":1030 |","false","false","0.0","1.7976931348623157E308","-1.7976931348623157E308"
"com.google.gson.internal.bind.util.ISO8601Utils.com.google.gson.internal.bind.util.ISO8601Utils.parse(String,ParsePosition)","79","79","|","true","true","11.926042","11.0","0.0"
"com.google.gson.internal.bind.util.ISO8601Utils.com.google.gson.internal.bind.util.ISO8601Utils.parse(String,ParsePosition)","80","80","|","true","true","10.666749","10.0","1.0"
"com.google.gson.internal.bind.util.ISO8601Utils.com.google.gson.internal.bind.util.ISO8601Utils.parse(String,ParsePosition)","81","81","|","true","true","10.653085","10.0","1.0"
"com.google.gson.internal.bind.util.ISO8601Utils.com.google.gson.internal.bind.util.ISO8601Utils.parse(String,ParsePosition)","82","82","| gin.edit.matched.MatchedDeleteStatement ""src/main/java/com/google/gson/internal/bind/util/ISO8601Utils.java"":1022 | gin.edit.matched.MatchedReplaceStatement ""src/main/java/com/google/gson/internal/bind/util/ISO8601Utils.java"":1135 -> ""src/main/java/com/google/gson/internal/bind/util/ISO8601Utils.java"":493 |","false","false","0.0","1.7976931348623157E308","-1.7976931348623157E308"
"com.google.gson.internal.bind.util.ISO8601Utils.com.google.gson.internal.bind.util.ISO8601Utils.parse(String,ParsePosition)","83","83","|","true","true","11.291583","11.0","0.0"
"com.google.gson.internal.bind.util.ISO8601Utils.com.google.gson.internal.bind.util.ISO8601Utils.parse(String,ParsePosition)","84","84","| gin.edit.matched.MatchedDeleteStatement ""src/main/java/com/google/gson/internal/bind/util/ISO8601Utils.java"":1022 | gin.edit.modifynode.UnaryOperatorReplacement  ""src/main/java/com/google/gson/internal/bind/util/ISO8601Utils.java"":1023 LOGICAL_COMPLEMENT -> BITWISE_COMPLEMENT |","true","true","10.732292","10.0","1.0"
"com.google.gson.internal.bind.util.ISO8601Utils.com.google.gson.internal.bind.util.ISO8601Utils.parse(String,ParsePosition)","85","85","| gin.edit.matched.MatchedDeleteStatement ""src/main/java/com/google/gson/internal/bind/util/ISO8601Utils.java"":1022 | gin.edit.modifynode.BinaryOperatorReplacement  ""src/main/java/com/google/gson/internal/bind/util/ISO8601Utils.java"":769 LESS -> LESS_EQUALS |","true","true","11.076083","11.0","0.0"
"com.google.gson.internal.bind.util.ISO8601Utils.com.google.gson.internal.bind.util.ISO8601Utils.parse(String,ParsePosition)","86","86","| gin.edit.matched.MatchedDeleteStatement ""src/main/java/com/google/gson/internal/bind/util/ISO8601Utils.java"":1022 | gin.edit.matched.MatchedSwapStatement ""src/main/java/com/google/gson/internal/bind/util/ISO8601Utils.java"":1449 <-> ""src/main/java/com/google/gson/internal/bind/util/ISO8601Utils.java"":1248 |","false","false","0.0","1.7976931348623157E308","-1.7976931348623157E308"
"com.google.gson.internal.bind.util.ISO8601Utils.com.google.gson.internal.bind.util.ISO8601Utils.parse(String,ParsePosition)","87","87","| gin.edit.matched.MatchedDeleteStatement ""src/main/java/com/google/gson/internal/bind/util/ISO8601Utils.java"":1022 | gin.edit.modifynode.UnaryOperatorReplacement  ""src/main/java/com/google/gson/internal/bind/util/ISO8601Utils.java"":1023 LOGICAL_COMPLEMENT -> PLUS |","true","true","11.031833","11.0","0.0"
"com.google.gson.internal.bind.util.ISO8601Utils.com.google.gson.internal.bind.util.ISO8601Utils.parse(String,ParsePosition)","88","88","|","true","true","10.791374","10.0","1.0"
"com.google.gson.internal.bind.util.ISO8601Utils.com.google.gson.internal.bind.util.ISO8601Utils.parse(String,ParsePosition)","89","89","|","true","true","11.251291","11.0","0.0"
"com.google.gson.internal.bind.util.ISO8601Utils.com.google.gson.internal.bind.util.ISO8601Utils.parse(String,ParsePosition)","90","90","|","true","true","10.730333","10.0","1.0"
"com.google.gson.internal.bind.util.ISO8601Utils.com.google.gson.internal.bind.util.ISO8601Utils.parse(String,ParsePosition)","91","91","| gin.edit.matched.MatchedDeleteStatement ""src/main/java/com/google/gson/internal/bind/util/ISO8601Utils.java"":1022 | gin.edit.statement.CopyStatement ""src/main/java/com/google/gson/internal/bind/util/ISO8601Utils.java"":328 -> ""src/main/java/com/google/gson/internal/bind/util/ISO8601Utils.java"":883:884 |","false","false","0.0","1.7976931348623157E308","-1.7976931348623157E308"
"com.google.gson.internal.bind.util.ISO8601Utils.com.google.gson.internal.bind.util.ISO8601Utils.parse(String,ParsePosition)","92","92","|","true","true","10.656376","10.0","1.0"
"com.google.gson.internal.bind.util.ISO8601Utils.com.google.gson.internal.bind.util.ISO8601Utils.parse(String,ParsePosition)","93","93","| gin.edit.matched.MatchedDeleteStatement ""src/main/java/com/google/gson/internal/bind/util/ISO8601Utils.java"":1022 | gin.edit.statement.SwapStatement ""src/main/java/com/google/gson/internal/bind/util/ISO8601Utils.java"":991 <-> ""src/main/java/com/google/gson/internal/bind/util/ISO8601Utils.java"":861 |","false","false","0.0","1.7976931348623157E308","-1.7976931348623157E308"
"com.google.gson.internal.bind.util.ISO8601Utils.com.google.gson.internal.bind.util.ISO8601Utils.parse(String,ParsePosition)","94","94","| gin.edit.matched.MatchedDeleteStatement ""src/main/java/com/google/gson/internal/bind/util/ISO8601Utils.java"":1022 | gin.edit.matched.MatchedCopyStatement ""src/main/java/com/google/gson/internal/bind/util/ISO8601Utils.java"":566 -> ""src/main/java/com/google/gson/internal/bind/util/ISO8601Utils.java"":912:919 |","false","false","0.0","1.7976931348623157E308","-1.7976931348623157E308"
"com.google.gson.internal.bind.util.ISO8601Utils.com.google.gson.internal.bind.util.ISO8601Utils.parse(String,ParsePosition)","95","95","| gin.edit.matched.MatchedDeleteStatement ""src/main/java/com/google/gson/internal/bind/util/ISO8601Utils.java"":1022 | gin.edit.statement.DeleteStatement ""src/main/java/com/google/gson/internal/bind/util/ISO8601Utils.java"":850 |","true","true","11.171251","11.0","0.0"
"com.google.gson.internal.bind.util.ISO8601Utils.com.google.gson.internal.bind.util.ISO8601Utils.parse(String,ParsePosition)","96","96","|","true","true","10.463","10.0","1.0"
"com.google.gson.internal.bind.util.ISO8601Utils.com.google.gson.internal.bind.util.ISO8601Utils.parse(String,ParsePosition)","97","97","|","true","true","10.788582","10.0","1.0"
"com.google.gson.internal.bind.util.ISO8601Utils.com.google.gson.internal.bind.util.ISO8601Utils.parse(String,ParsePosition)","98","98","| gin.edit.matched.MatchedDeleteStatement ""src/main/java/com/google/gson/internal/bind/util/ISO8601Utils.java"":1022 | gin.edit.modifynode.UnaryOperatorReplacement  ""src/main/java/com/google/gson/internal/bind/util/ISO8601Utils.java"":604 LOGICAL_COMPLEMENT -> PLUS |","false","false","0.0","1.7976931348623157E308","-1.7976931348623157E308"
"com.google.gson.internal.bind.util.ISO8601Utils.com.google.gson.internal.bind.util.ISO8601Utils.parse(String,ParsePosition)","99","99","|","true","true","11.22675","11.0","0.0"
