MethodID,Step,Operator,Success,ParentRuntime(ms),ChildRuntime(ms),Reward
1,1,CopyStatement,false,2874.00,-1.00,0.0000
1,2,MatchedCopyStatement,false,2874.00,-1.00,0.0000
1,3,SwapStatement,false,2874.00,-1.00,0.0000
1,4,MatchedSwapStatement,false,2874.00,-1.00,0.0000
1,5,MatchedDeleteStatement,false,2874.00,-1.00,0.0000
1,6,MoveStatement,false,2874.00,-1.00,0.0000
1,7,ReplaceStatement,false,2874.00,-1.00,0.0000
1,8,DeleteStatement,false,2874.00,-1.00,0.0000
1,9,BinaryOperatorReplacement,false,2874.00,-1.00,0.0000
1,10,MatchedReplaceStatement,false,2874.00,-1.00,0.0000
1,11,UnaryOperatorReplacement,false,2874.00,-1.00,0.0000
1,12,DeleteStatement,false,2874.00,-1.00,0.0000
1,13,CopyStatement,false,2874.00,-1.00,0.0000
1,14,ReplaceStatement,false,2874.00,-1.00,0.0000
1,15,SwapStatement,false,2874.00,-1.00,0.0000
1,16,MoveStatement,false,2874.00,-1.00,0.0000
1,17,MatchedDeleteStatement,false,2874.00,-1.00,0.0000
1,18,MatchedCopyStatement,false,2874.00,-1.00,0.0000
1,19,MatchedReplaceStatement,false,2874.00,-1.00,0.0000
1,20,MatchedSwapStatement,false,2874.00,-1.00,0.0000
1,21,BinaryOperatorReplacement,false,2874.00,-1.00,0.0000
1,22,UnaryOperatorReplacement,true,2874.00,2899.00,0.9914
1,23,UnaryOperatorReplacement,false,2874.00,-1.00,0.0000
1,24,UnaryOperatorReplacement,false,2874.00,-1.00,0.0000
1,25,DeleteStatement,false,2874.00,-1.00,0.0000
1,26,CopyStatement,false,2874.00,-1.00,0.0000
1,27,ReplaceStatement,false,2874.00,-1.00,0.0000
1,28,SwapStatement,true,2874.00,2910.00,0.9876
1,29,MoveStatement,false,2874.00,-1.00,0.0000
1,30,MatchedDeleteStatement,false,2874.00,-1.00,0.0000
1,31,MatchedCopyStatement,false,2874.00,-1.00,0.0000
1,32,MatchedReplaceStatement,false,2874.00,-1.00,0.0000
1,33,MatchedSwapStatement,false,2874.00,-1.00,0.0000
1,34,BinaryOperatorReplacement,false,2874.00,-1.00,0.0000
1,35,SwapStatement,false,2874.00,-1.00,0.0000
1,36,UnaryOperatorReplacement,false,2874.00,-1.00,0.0000
1,37,SwapStatement,false,2874.00,-1.00,0.0000
1,38,DeleteStatement,true,2874.00,2888.00,0.9952
1,39,DeleteStatement,false,2874.00,-1.00,0.0000
1,40,CopyStatement,false,2874.00,-1.00,0.0000
1,41,ReplaceStatement,false,2874.00,-1.00,0.0000
1,42,MoveStatement,false,2874.00,-1.00,0.0000
1,43,MatchedDeleteStatement,false,2874.00,-1.00,0.0000
1,44,MatchedCopyStatement,false,2874.00,-1.00,0.0000
1,45,MatchedReplaceStatement,false,2874.00,-1.00,0.0000
1,46,MatchedSwapStatement,false,2874.00,-1.00,0.0000
1,47,BinaryOperatorReplacement,false,2874.00,-1.00,0.0000
1,48,DeleteStatement,false,2874.00,-1.00,0.0000
1,49,UnaryOperatorReplacement,false,2874.00,-1.00,0.0000
1,50,SwapStatement,false,2874.00,-1.00,0.0000
1,51,CopyStatement,false,2874.00,-1.00,0.0000
1,52,ReplaceStatement,false,2874.00,-1.00,0.0000
1,53,MoveStatement,false,2874.00,-1.00,0.0000
1,54,MatchedDeleteStatement,false,2874.00,-1.00,0.0000
1,55,MatchedCopyStatement,false,2874.00,-1.00,0.0000
1,56,MatchedReplaceStatement,false,2874.00,-1.00,0.0000
1,57,MatchedSwapStatement,false,2874.00,-1.00,0.0000
1,58,BinaryOperatorReplacement,false,2874.00,-1.00,0.0000
1,59,DeleteStatement,false,2874.00,-1.00,0.0000
1,60,UnaryOperatorReplacement,false,2874.00,-1.00,0.0000
1,61,SwapStatement,false,2874.00,-1.00,0.0000
1,62,CopyStatement,false,2874.00,-1.00,0.0000
1,63,ReplaceStatement,false,2874.00,-1.00,0.0000
1,64,MoveStatement,false,2874.00,-1.00,0.0000
1,65,MatchedDeleteStatement,false,2874.00,-1.00,0.0000
1,66,MatchedCopyStatement,false,2874.00,-1.00,0.0000
1,67,MatchedReplaceStatement,false,2874.00,-1.00,0.0000
1,68,MatchedSwapStatement,false,2874.00,-1.00,0.0000
1,69,BinaryOperatorReplacement,false,2874.00,-1.00,0.0000
1,70,DeleteStatement,false,2874.00,-1.00,0.0000
1,71,UnaryOperatorReplacement,false,2874.00,-1.00,0.0000
1,72,SwapStatement,false,2874.00,-1.00,0.0000
1,73,CopyStatement,false,2874.00,-1.00,0.0000
1,74,ReplaceStatement,false,2874.00,-1.00,0.0000
1,75,MoveStatement,false,2874.00,-1.00,0.0000
1,76,MatchedDeleteStatement,false,2874.00,-1.00,0.0000
1,77,MatchedCopyStatement,false,2874.00,-1.00,0.0000
1,78,MatchedReplaceStatement,false,2874.00,-1.00,0.0000
1,79,MatchedSwapStatement,false,2874.00,-1.00,0.0000
1,80,BinaryOperatorReplacement,false,2874.00,-1.00,0.0000
1,81,DeleteStatement,false,2874.00,-1.00,0.0000
1,82,UnaryOperatorReplacement,true,2874.00,2897.00,0.9921
1,83,UnaryOperatorReplacement,false,2874.00,-1.00,0.0000
1,84,SwapStatement,false,2874.00,-1.00,0.0000
1,85,UnaryOperatorReplacement,false,2874.00,-1.00,0.0000
1,86,CopyStatement,false,2874.00,-1.00,0.0000
1,87,ReplaceStatement,false,2874.00,-1.00,0.0000
1,88,MoveStatement,false,2874.00,-1.00,0.0000
1,89,MatchedDeleteStatement,false,2874.00,-1.00,0.0000
1,90,MatchedCopyStatement,false,2874.00,-1.00,0.0000
1,91,MatchedReplaceStatement,false,2874.00,-1.00,0.0000
1,92,MatchedSwapStatement,false,2874.00,-1.00,0.0000
1,93,BinaryOperatorReplacement,false,2874.00,-1.00,0.0000
1,94,DeleteStatement,false,2874.00,-1.00,0.0000
1,95,SwapStatement,false,2874.00,-1.00,0.0000
1,96,UnaryOperatorReplacement,true,2874.00,2898.00,0.9917
1,97,UnaryOperatorReplacement,true,2874.00,2903.00,0.9900
1,98,UnaryOperatorReplacement,false,2874.00,-1.00,0.0000
1,99,UnaryOperatorReplacement,true,2874.00,2902.00,0.9904
2,1,MoveStatement,false,1151.00,-1.00,0.0000
2,2,MatchedCopyStatement,false,1151.00,-1.00,0.0000
2,3,BinaryOperatorReplacement,true,1151.00,1124.00,1.0240
2,4,MatchedSwapStatement,true,1124.00,1293.00,0.8693
2,5,UnaryOperatorReplacement,true,1124.00,1131.00,0.9938
2,6,MatchedDeleteStatement,true,1124.00,1135.00,0.9903
2,7,SwapStatement,false,1124.00,-1.00,0.0000
2,8,MatchedReplaceStatement,false,1124.00,-1.00,0.0000
2,9,DeleteStatement,true,1124.00,1143.00,0.9834
2,10,ReplaceStatement,true,1124.00,1145.00,0.9817
2,11,CopyStatement,true,1124.00,1144.00,0.9825
2,12,BinaryOperatorReplacement,true,1124.00,1179.00,0.9534
2,13,UnaryOperatorReplacement,true,1124.00,1135.00,0.9903
2,14,MatchedDeleteStatement,true,1124.00,1243.00,0.9043
2,15,DeleteStatement,true,1124.00,1266.00,0.8878
2,16,CopyStatement,true,1124.00,1162.00,0.9673
2,17,ReplaceStatement,true,1124.00,1138.00,0.9877
2,18,MatchedSwapStatement,true,1124.00,1190.00,0.9445
2,19,UnaryOperatorReplacement,false,1124.00,-1.00,0.0000
2,20,BinaryOperatorReplacement,true,1124.00,1138.00,0.9877
2,21,ReplaceStatement,false,1124.00,-1.00,0.0000
2,22,CopyStatement,false,1124.00,-1.00,0.0000
2,23,MatchedDeleteStatement,true,1124.00,1142.00,0.9842
2,24,DeleteStatement,true,1124.00,1131.00,0.9938
2,25,MatchedSwapStatement,true,1124.00,1153.00,0.9748
2,26,SwapStatement,false,1124.00,-1.00,0.0000
2,27,MoveStatement,true,1124.00,1153.00,0.9748
2,28,MatchedCopyStatement,false,1124.00,-1.00,0.0000
2,29,MatchedReplaceStatement,false,1124.00,-1.00,0.0000
2,30,BinaryOperatorReplacement,false,1124.00,-1.00,0.0000
2,31,MatchedDeleteStatement,false,1124.00,-1.00,0.0000
2,32,DeleteStatement,true,1124.00,1125.00,0.9991
2,33,MatchedSwapStatement,false,1124.00,-1.00,0.0000
2,34,MoveStatement,true,1124.00,1138.00,0.9877
2,35,DeleteStatement,true,1124.00,1138.00,0.9877
2,36,UnaryOperatorReplacement,false,1124.00,-1.00,0.0000
2,37,ReplaceStatement,false,1124.00,-1.00,0.0000
2,38,MoveStatement,true,1124.00,1130.00,0.9947
2,39,CopyStatement,false,1124.00,-1.00,0.0000
2,40,DeleteStatement,true,1124.00,1133.00,0.9921
2,41,BinaryOperatorReplacement,false,1124.00,-1.00,0.0000
2,42,MoveStatement,true,1124.00,1154.00,0.9740
2,43,DeleteStatement,false,1124.00,-1.00,0.0000
2,44,MatchedDeleteStatement,true,1124.00,1144.00,0.9825
2,45,MatchedSwapStatement,true,1124.00,1151.00,0.9765
2,46,MoveStatement,true,1124.00,1166.00,0.9640
2,47,MatchedDeleteStatement,true,1124.00,1122.00,1.0018
2,48,MatchedSwapStatement,false,1122.00,-1.00,0.0000
2,49,SwapStatement,false,1122.00,-1.00,0.0000
2,50,MatchedCopyStatement,true,1122.00,1131.00,0.9920
2,51,MatchedReplaceStatement,false,1122.00,-1.00,0.0000
2,52,MoveStatement,false,1122.00,-1.00,0.0000
2,53,MatchedDeleteStatement,false,1122.00,-1.00,0.0000
2,54,MatchedCopyStatement,false,1122.00,-1.00,0.0000
2,55,UnaryOperatorReplacement,true,1122.00,1237.00,0.9070
2,56,ReplaceStatement,false,1122.00,-1.00,0.0000
2,57,DeleteStatement,false,1122.00,-1.00,0.0000
2,58,CopyStatement,false,1122.00,-1.00,0.0000
2,59,BinaryOperatorReplacement,false,1122.00,-1.00,0.0000
2,60,UnaryOperatorReplacement,true,1122.00,1150.00,0.9757
2,61,UnaryOperatorReplacement,true,1122.00,1129.00,0.9938
2,62,MatchedSwapStatement,true,1122.00,1125.00,0.9973
2,63,MoveStatement,false,1122.00,-1.00,0.0000
2,64,MatchedDeleteStatement,false,1122.00,-1.00,0.0000
2,65,UnaryOperatorReplacement,false,1122.00,-1.00,0.0000
2,66,MatchedSwapStatement,false,1122.00,-1.00,0.0000
2,67,DeleteStatement,false,1122.00,-1.00,0.0000
2,68,MatchedCopyStatement,true,1122.00,1152.00,0.9740
2,69,ReplaceStatement,false,1122.00,-1.00,0.0000
2,70,MatchedCopyStatement,false,1122.00,-1.00,0.0000
2,71,CopyStatement,false,1122.00,-1.00,0.0000
2,72,BinaryOperatorReplacement,false,1122.00,-1.00,0.0000
2,73,SwapStatement,false,1122.00,-1.00,0.0000
2,74,MatchedReplaceStatement,false,1122.00,-1.00,0.0000
2,75,MoveStatement,false,1122.00,-1.00,0.0000
2,76,MatchedDeleteStatement,false,1122.00,-1.00,0.0000
2,77,UnaryOperatorReplacement,false,1122.00,-1.00,0.0000
2,78,MatchedSwapStatement,false,1122.00,-1.00,0.0000
2,79,DeleteStatement,false,1122.00,-1.00,0.0000
2,80,BinaryOperatorReplacement,false,1122.00,-1.00,0.0000
2,81,ReplaceStatement,false,1122.00,-1.00,0.0000
2,82,MatchedCopyStatement,false,1122.00,-1.00,0.0000
2,83,CopyStatement,false,1122.00,-1.00,0.0000
2,84,MoveStatement,false,1122.00,-1.00,0.0000
2,85,MatchedDeleteStatement,false,1122.00,-1.00,0.0000
2,86,UnaryOperatorReplacement,false,1122.00,-1.00,0.0000
2,87,DeleteStatement,false,1122.00,-1.00,0.0000
2,88,MatchedSwapStatement,false,1122.00,-1.00,0.0000
2,89,SwapStatement,true,1122.00,1132.00,0.9912
2,90,SwapStatement,false,1122.00,-1.00,0.0000
2,91,MatchedReplaceStatement,false,1122.00,-1.00,0.0000
2,92,MoveStatement,false,1122.00,-1.00,0.0000
2,93,DeleteStatement,false,1122.00,-1.00,0.0000
2,94,MatchedDeleteStatement,false,1122.00,-1.00,0.0000
2,95,UnaryOperatorReplacement,false,1122.00,-1.00,0.0000
2,96,BinaryOperatorReplacement,true,1122.00,1145.00,0.9799
2,97,BinaryOperatorReplacement,false,1122.00,-1.00,0.0000
2,98,MatchedSwapStatement,false,1122.00,-1.00,0.0000
2,99,ReplaceStatement,false,1122.00,-1.00,0.0000
3,1,BinaryOperatorReplacement,false,1468.00,-1.00,0.0000
3,2,MoveStatement,false,1468.00,-1.00,0.0000
3,3,CopyStatement,false,1468.00,-1.00,0.0000
3,4,DeleteStatement,false,1468.00,-1.00,0.0000
3,5,SwapStatement,false,1468.00,-1.00,0.0000
3,6,MatchedDeleteStatement,false,1468.00,-1.00,0.0000
3,7,MatchedSwapStatement,false,1468.00,-1.00,0.0000
3,8,MatchedReplaceStatement,false,1468.00,-1.00,0.0000
3,9,UnaryOperatorReplacement,false,1468.00,-1.00,0.0000
3,10,ReplaceStatement,false,1468.00,-1.00,0.0000
3,11,MatchedCopyStatement,false,1468.00,-1.00,0.0000
3,12,DeleteStatement,false,1468.00,-1.00,0.0000
3,13,CopyStatement,false,1468.00,-1.00,0.0000
3,14,ReplaceStatement,false,1468.00,-1.00,0.0000
3,15,SwapStatement,false,1468.00,-1.00,0.0000
3,16,MoveStatement,false,1468.00,-1.00,0.0000
3,17,MatchedDeleteStatement,false,1468.00,-1.00,0.0000
3,18,MatchedCopyStatement,false,1468.00,-1.00,0.0000
3,19,MatchedReplaceStatement,false,1468.00,-1.00,0.0000
3,20,MatchedSwapStatement,false,1468.00,-1.00,0.0000
3,21,BinaryOperatorReplacement,false,1468.00,-1.00,0.0000
3,22,UnaryOperatorReplacement,false,1468.00,-1.00,0.0000
3,23,DeleteStatement,false,1468.00,-1.00,0.0000
3,24,CopyStatement,false,1468.00,-1.00,0.0000
3,25,ReplaceStatement,false,1468.00,-1.00,0.0000
3,26,SwapStatement,true,1468.00,1484.00,0.9892
3,27,MoveStatement,false,1468.00,-1.00,0.0000
3,28,MatchedDeleteStatement,false,1468.00,-1.00,0.0000
3,29,MatchedCopyStatement,false,1468.00,-1.00,0.0000
3,30,MatchedReplaceStatement,false,1468.00,-1.00,0.0000
3,31,MatchedSwapStatement,false,1468.00,-1.00,0.0000
3,32,BinaryOperatorReplacement,false,1468.00,-1.00,0.0000
3,33,UnaryOperatorReplacement,false,1468.00,-1.00,0.0000
3,34,SwapStatement,false,1468.00,-1.00,0.0000
3,35,SwapStatement,false,1468.00,-1.00,0.0000
3,36,DeleteStatement,false,1468.00,-1.00,0.0000
3,37,CopyStatement,false,1468.00,-1.00,0.0000
3,38,ReplaceStatement,false,1468.00,-1.00,0.0000
3,39,MoveStatement,false,1468.00,-1.00,0.0000
3,40,MatchedDeleteStatement,false,1468.00,-1.00,0.0000
3,41,MatchedCopyStatement,false,1468.00,-1.00,0.0000
3,42,MatchedReplaceStatement,false,1468.00,-1.00,0.0000
3,43,MatchedSwapStatement,false,1468.00,-1.00,0.0000
3,44,BinaryOperatorReplacement,false,1468.00,-1.00,0.0000
3,45,UnaryOperatorReplacement,false,1468.00,-1.00,0.0000
3,46,SwapStatement,true,1468.00,1469.00,0.9993
3,47,SwapStatement,true,1468.00,1489.00,0.9859
3,48,SwapStatement,false,1468.00,-1.00,0.0000
3,49,DeleteStatement,false,1468.00,-1.00,0.0000
3,50,CopyStatement,false,1468.00,-1.00,0.0000
3,51,ReplaceStatement,false,1468.00,-1.00,0.0000
3,52,MoveStatement,false,1468.00,-1.00,0.0000
3,53,MatchedDeleteStatement,false,1468.00,-1.00,0.0000
3,54,MatchedCopyStatement,false,1468.00,-1.00,0.0000
3,55,MatchedReplaceStatement,false,1468.00,-1.00,0.0000
3,56,MatchedSwapStatement,false,1468.00,-1.00,0.0000
3,57,BinaryOperatorReplacement,false,1468.00,-1.00,0.0000
3,58,UnaryOperatorReplacement,true,1468.00,1487.00,0.9872
3,59,UnaryOperatorReplacement,false,1468.00,-1.00,0.0000
3,60,SwapStatement,true,1468.00,1481.00,0.9912
3,61,SwapStatement,false,1468.00,-1.00,0.0000
3,62,UnaryOperatorReplacement,false,1468.00,-1.00,0.0000
3,63,SwapStatement,true,1468.00,1488.00,0.9866
3,64,SwapStatement,true,1468.00,1470.00,0.9986
3,65,SwapStatement,true,1468.00,1494.00,0.9826
3,66,SwapStatement,false,1468.00,-1.00,0.0000
3,67,DeleteStatement,false,1468.00,-1.00,0.0000
3,68,CopyStatement,false,1468.00,-1.00,0.0000
3,69,ReplaceStatement,false,1468.00,-1.00,0.0000
3,70,MoveStatement,false,1468.00,-1.00,0.0000
3,71,MatchedDeleteStatement,false,1468.00,-1.00,0.0000
3,72,MatchedCopyStatement,false,1468.00,-1.00,0.0000
3,73,MatchedReplaceStatement,false,1468.00,-1.00,0.0000
3,74,MatchedSwapStatement,false,1468.00,-1.00,0.0000
3,75,BinaryOperatorReplacement,false,1468.00,-1.00,0.0000
3,76,SwapStatement,false,1468.00,-1.00,0.0000
3,77,UnaryOperatorReplacement,false,1468.00,-1.00,0.0000
3,78,SwapStatement,false,1468.00,-1.00,0.0000
3,79,DeleteStatement,false,1468.00,-1.00,0.0000
3,80,CopyStatement,false,1468.00,-1.00,0.0000
3,81,ReplaceStatement,false,1468.00,-1.00,0.0000
3,82,MoveStatement,false,1468.00,-1.00,0.0000
3,83,MatchedDeleteStatement,false,1468.00,-1.00,0.0000
3,84,MatchedCopyStatement,false,1468.00,-1.00,0.0000
3,85,MatchedReplaceStatement,false,1468.00,-1.00,0.0000
3,86,MatchedSwapStatement,false,1468.00,-1.00,0.0000
3,87,BinaryOperatorReplacement,false,1468.00,-1.00,0.0000
3,88,SwapStatement,false,1468.00,-1.00,0.0000
3,89,UnaryOperatorReplacement,false,1468.00,-1.00,0.0000
3,90,SwapStatement,false,1468.00,-1.00,0.0000
3,91,DeleteStatement,false,1468.00,-1.00,0.0000
3,92,CopyStatement,false,1468.00,-1.00,0.0000
3,93,ReplaceStatement,false,1468.00,-1.00,0.0000
3,94,MoveStatement,false,1468.00,-1.00,0.0000
3,95,MatchedDeleteStatement,false,1468.00,-1.00,0.0000
3,96,MatchedCopyStatement,false,1468.00,-1.00,0.0000
3,97,MatchedReplaceStatement,false,1468.00,-1.00,0.0000
3,98,MatchedSwapStatement,false,1468.00,-1.00,0.0000
3,99,BinaryOperatorReplacement,false,1468.00,-1.00,0.0000
4,1,UnaryOperatorReplacement,false,1496.00,-1.00,0.0000
4,2,MoveStatement,false,1496.00,-1.00,0.0000
4,3,DeleteStatement,false,1496.00,-1.00,0.0000
4,4,BinaryOperatorReplacement,false,1496.00,-1.00,0.0000
4,5,MatchedReplaceStatement,false,1496.00,-1.00,0.0000
4,6,MatchedCopyStatement,false,1496.00,-1.00,0.0000
4,7,SwapStatement,false,1496.00,-1.00,0.0000
4,8,ReplaceStatement,false,1496.00,-1.00,0.0000
4,9,MatchedDeleteStatement,false,1496.00,-1.00,0.0000
4,10,MatchedSwapStatement,false,1496.00,-1.00,0.0000
4,11,CopyStatement,false,1496.00,-1.00,0.0000
4,12,DeleteStatement,false,1496.00,-1.00,0.0000
4,13,CopyStatement,false,1496.00,-1.00,0.0000
4,14,ReplaceStatement,false,1496.00,-1.00,0.0000
4,15,SwapStatement,false,1496.00,-1.00,0.0000
4,16,MoveStatement,false,1496.00,-1.00,0.0000
4,17,MatchedDeleteStatement,false,1496.00,-1.00,0.0000
4,18,MatchedCopyStatement,false,1496.00,-1.00,0.0000
4,19,MatchedReplaceStatement,false,1496.00,-1.00,0.0000
4,20,MatchedSwapStatement,false,1496.00,-1.00,0.0000
4,21,BinaryOperatorReplacement,true,1496.00,1472.00,1.0163
4,22,UnaryOperatorReplacement,false,1472.00,-1.00,0.0000
4,23,BinaryOperatorReplacement,false,1472.00,-1.00,0.0000
4,24,BinaryOperatorReplacement,true,1472.00,1509.00,0.9755
4,25,DeleteStatement,true,1472.00,1496.00,0.9840
4,26,CopyStatement,false,1472.00,-1.00,0.0000
4,27,ReplaceStatement,false,1472.00,-1.00,0.0000
4,28,SwapStatement,true,1472.00,1472.00,1.0000
4,29,MoveStatement,false,1472.00,-1.00,0.0000
4,30,MatchedDeleteStatement,true,1472.00,1466.00,1.0041
4,31,MatchedCopyStatement,false,1466.00,-1.00,0.0000
4,32,MatchedReplaceStatement,true,1466.00,1477.00,0.9926
4,33,MatchedSwapStatement,false,1466.00,-1.00,0.0000
4,34,UnaryOperatorReplacement,false,1466.00,-1.00,0.0000
4,35,MatchedDeleteStatement,false,1466.00,-1.00,0.0000
4,36,SwapStatement,false,1466.00,-1.00,0.0000
4,37,MatchedReplaceStatement,false,1466.00,-1.00,0.0000
4,38,DeleteStatement,false,1466.00,-1.00,0.0000
4,39,BinaryOperatorReplacement,true,1466.00,1518.00,0.9657
4,40,BinaryOperatorReplacement,true,1466.00,1475.00,0.9939
4,41,BinaryOperatorReplacement,false,1466.00,-1.00,0.0000
4,42,MatchedDeleteStatement,false,1466.00,-1.00,0.0000
4,43,SwapStatement,false,1466.00,-1.00,0.0000
4,44,MatchedReplaceStatement,false,1466.00,-1.00,0.0000
4,45,DeleteStatement,false,1466.00,-1.00,0.0000
4,46,BinaryOperatorReplacement,true,1466.00,1486.00,0.9865
4,47,CopyStatement,true,1466.00,1471.00,0.9966
4,48,CopyStatement,false,1466.00,-1.00,0.0000
4,49,ReplaceStatement,false,1466.00,-1.00,0.0000
4,50,MoveStatement,true,1466.00,1486.00,0.9865
4,51,MoveStatement,false,1466.00,-1.00,0.0000
4,52,MatchedCopyStatement,false,1466.00,-1.00,0.0000
4,53,MatchedSwapStatement,true,1466.00,1475.00,0.9939
4,54,MatchedSwapStatement,false,1466.00,-1.00,0.0000
4,55,UnaryOperatorReplacement,false,1466.00,-1.00,0.0000
4,56,BinaryOperatorReplacement,false,1466.00,-1.00,0.0000
4,57,BinaryOperatorReplacement,false,1466.00,-1.00,0.0000
4,58,MatchedDeleteStatement,false,1466.00,-1.00,0.0000
4,59,SwapStatement,true,1466.00,1492.00,0.9826
4,60,SwapStatement,false,1466.00,-1.00,0.0000
4,61,CopyStatement,false,1466.00,-1.00,0.0000
4,62,MatchedSwapStatement,false,1466.00,-1.00,0.0000
4,63,MatchedReplaceStatement,false,1466.00,-1.00,0.0000
4,64,MoveStatement,false,1466.00,-1.00,0.0000
4,65,DeleteStatement,false,1466.00,-1.00,0.0000
4,66,ReplaceStatement,false,1466.00,-1.00,0.0000
4,67,MatchedCopyStatement,false,1466.00,-1.00,0.0000
4,68,UnaryOperatorReplacement,false,1466.00,-1.00,0.0000
4,69,BinaryOperatorReplacement,false,1466.00,-1.00,0.0000
4,70,SwapStatement,false,1466.00,-1.00,0.0000
4,71,MatchedDeleteStatement,false,1466.00,-1.00,0.0000
4,72,CopyStatement,false,1466.00,-1.00,0.0000
4,73,MatchedSwapStatement,false,1466.00,-1.00,0.0000
4,74,MatchedReplaceStatement,false,1466.00,-1.00,0.0000
4,75,MoveStatement,false,1466.00,-1.00,0.0000
4,76,DeleteStatement,false,1466.00,-1.00,0.0000
4,77,BinaryOperatorReplacement,false,1466.00,-1.00,0.0000
4,78,ReplaceStatement,false,1466.00,-1.00,0.0000
4,79,MatchedCopyStatement,true,1466.00,1462.00,1.0027
4,80,MatchedCopyStatement,true,1462.00,1476.00,0.9905
4,81,MatchedCopyStatement,false,1462.00,-1.00,0.0000
4,82,UnaryOperatorReplacement,false,1462.00,-1.00,0.0000
4,83,MatchedCopyStatement,true,1462.00,1470.00,0.9946
4,84,MatchedCopyStatement,false,1462.00,-1.00,0.0000
4,85,SwapStatement,false,1462.00,-1.00,0.0000
4,86,BinaryOperatorReplacement,false,1462.00,-1.00,0.0000
4,87,MatchedDeleteStatement,true,1462.00,1472.00,0.9932
4,88,MatchedDeleteStatement,true,1462.00,1467.00,0.9966
4,89,MatchedDeleteStatement,false,1462.00,-1.00,0.0000
4,90,CopyStatement,true,1462.00,1434.00,1.0195
4,91,CopyStatement,false,1434.00,-1.00,0.0000
4,92,MatchedSwapStatement,false,1434.00,-1.00,0.0000
4,93,MatchedReplaceStatement,false,1434.00,-1.00,0.0000
4,94,MoveStatement,true,1434.00,1469.00,0.9762
4,95,MoveStatement,true,1434.00,1468.00,0.9768
4,96,MoveStatement,false,1434.00,-1.00,0.0000
4,97,DeleteStatement,false,1434.00,-1.00,0.0000
4,98,MatchedDeleteStatement,false,1434.00,-1.00,0.0000
4,99,MatchedCopyStatement,false,1434.00,-1.00,0.0000
5,1,SwapStatement,false,2838.00,-1.00,0.0000
5,2,MatchedSwapStatement,false,2838.00,-1.00,0.0000
5,3,CopyStatement,false,2838.00,-1.00,0.0000
5,4,MatchedDeleteStatement,false,2838.00,-1.00,0.0000
5,5,MoveStatement,false,2838.00,-1.00,0.0000
5,6,UnaryOperatorReplacement,false,2838.00,-1.00,0.0000
5,7,MatchedCopyStatement,false,2838.00,-1.00,0.0000
5,8,DeleteStatement,false,2838.00,-1.00,0.0000
5,9,BinaryOperatorReplacement,false,2838.00,-1.00,0.0000
5,10,ReplaceStatement,false,2838.00,-1.00,0.0000
5,11,MatchedReplaceStatement,false,2838.00,-1.00,0.0000
5,12,DeleteStatement,false,2838.00,-1.00,0.0000
5,13,CopyStatement,true,2838.00,2847.00,0.9968
5,14,ReplaceStatement,false,2838.00,-1.00,0.0000
5,15,SwapStatement,true,2838.00,2883.00,0.9844
5,16,MoveStatement,false,2838.00,-1.00,0.0000
5,17,MatchedDeleteStatement,false,2838.00,-1.00,0.0000
5,18,MatchedCopyStatement,true,2838.00,2861.00,0.9920
5,19,MatchedReplaceStatement,false,2838.00,-1.00,0.0000
5,20,MatchedSwapStatement,true,2838.00,2888.00,0.9827
5,21,BinaryOperatorReplacement,false,2838.00,-1.00,0.0000
5,22,UnaryOperatorReplacement,false,2838.00,-1.00,0.0000
5,23,CopyStatement,false,2838.00,-1.00,0.0000
5,24,MatchedCopyStatement,false,2838.00,-1.00,0.0000
5,25,SwapStatement,false,2838.00,-1.00,0.0000
5,26,MatchedSwapStatement,false,2838.00,-1.00,0.0000
5,27,CopyStatement,false,2838.00,-1.00,0.0000
5,28,DeleteStatement,false,2838.00,-1.00,0.0000
5,29,ReplaceStatement,false,2838.00,-1.00,0.0000
5,30,MoveStatement,false,2838.00,-1.00,0.0000
5,31,MatchedDeleteStatement,false,2838.00,-1.00,0.0000
5,32,MatchedReplaceStatement,false,2838.00,-1.00,0.0000
5,33,BinaryOperatorReplacement,false,2838.00,-1.00,0.0000
5,34,UnaryOperatorReplacement,false,2838.00,-1.00,0.0000
5,35,MatchedCopyStatement,false,2838.00,-1.00,0.0000
5,36,SwapStatement,true,2838.00,2899.00,0.9790
5,37,MatchedSwapStatement,false,2838.00,-1.00,0.0000
5,38,SwapStatement,false,2838.00,-1.00,0.0000
5,39,SwapStatement,false,2838.00,-1.00,0.0000
5,40,CopyStatement,false,2838.00,-1.00,0.0000
5,41,MatchedCopyStatement,false,2838.00,-1.00,0.0000
5,42,MatchedSwapStatement,false,2838.00,-1.00,0.0000
5,43,DeleteStatement,false,2838.00,-1.00,0.0000
5,44,ReplaceStatement,false,2838.00,-1.00,0.0000
5,45,MoveStatement,false,2838.00,-1.00,0.0000
5,46,MatchedDeleteStatement,false,2838.00,-1.00,0.0000
5,47,MatchedReplaceStatement,false,2838.00,-1.00,0.0000
5,48,BinaryOperatorReplacement,false,2838.00,-1.00,0.0000
5,49,UnaryOperatorReplacement,false,2838.00,-1.00,0.0000
5,50,SwapStatement,false,2838.00,-1.00,0.0000
5,51,CopyStatement,false,2838.00,-1.00,0.0000
5,52,MatchedCopyStatement,false,2838.00,-1.00,0.0000
5,53,MatchedSwapStatement,false,2838.00,-1.00,0.0000
5,54,DeleteStatement,false,2838.00,-1.00,0.0000
5,55,ReplaceStatement,false,2838.00,-1.00,0.0000
5,56,MoveStatement,true,2838.00,2870.00,0.9889
5,57,MoveStatement,false,2838.00,-1.00,0.0000
5,58,MatchedDeleteStatement,false,2838.00,-1.00,0.0000
5,59,MatchedReplaceStatement,false,2838.00,-1.00,0.0000
5,60,BinaryOperatorReplacement,false,2838.00,-1.00,0.0000
5,61,UnaryOperatorReplacement,false,2838.00,-1.00,0.0000
5,62,SwapStatement,true,2838.00,2854.00,0.9944
5,63,SwapStatement,false,2838.00,-1.00,0.0000
5,64,CopyStatement,false,2838.00,-1.00,0.0000
5,65,MatchedCopyStatement,false,2838.00,-1.00,0.0000
5,66,MoveStatement,false,2838.00,-1.00,0.0000
5,67,MatchedSwapStatement,false,2838.00,-1.00,0.0000
5,68,DeleteStatement,false,2838.00,-1.00,0.0000
5,69,ReplaceStatement,false,2838.00,-1.00,0.0000
5,70,MatchedDeleteStatement,false,2838.00,-1.00,0.0000
5,71,MatchedReplaceStatement,false,2838.00,-1.00,0.0000
5,72,BinaryOperatorReplacement,false,2838.00,-1.00,0.0000
5,73,UnaryOperatorReplacement,true,2838.00,2876.00,0.9868
5,74,UnaryOperatorReplacement,false,2838.00,-1.00,0.0000
5,75,SwapStatement,false,2838.00,-1.00,0.0000
5,76,CopyStatement,false,2838.00,-1.00,0.0000
5,77,MatchedCopyStatement,false,2838.00,-1.00,0.0000
5,78,MoveStatement,false,2838.00,-1.00,0.0000
5,79,UnaryOperatorReplacement,false,2838.00,-1.00,0.0000
5,80,MatchedSwapStatement,true,2838.00,2942.00,0.9646
5,81,MatchedSwapStatement,false,2838.00,-1.00,0.0000
5,82,SwapStatement,false,2838.00,-1.00,0.0000
5,83,DeleteStatement,false,2838.00,-1.00,0.0000
5,84,ReplaceStatement,false,2838.00,-1.00,0.0000
5,85,MatchedDeleteStatement,false,2838.00,-1.00,0.0000
5,86,MatchedReplaceStatement,false,2838.00,-1.00,0.0000
5,87,BinaryOperatorReplacement,false,2838.00,-1.00,0.0000
5,88,MatchedSwapStatement,false,2838.00,-1.00,0.0000
5,89,CopyStatement,false,2838.00,-1.00,0.0000
5,90,MatchedCopyStatement,false,2838.00,-1.00,0.0000
5,91,MoveStatement,false,2838.00,-1.00,0.0000
5,92,UnaryOperatorReplacement,false,2838.00,-1.00,0.0000
5,93,SwapStatement,false,2838.00,-1.00,0.0000
5,94,MatchedSwapStatement,false,2838.00,-1.00,0.0000
5,95,DeleteStatement,false,2838.00,-1.00,0.0000
5,96,ReplaceStatement,false,2838.00,-1.00,0.0000
5,97,MatchedDeleteStatement,false,2838.00,-1.00,0.0000
5,98,MatchedReplaceStatement,false,2838.00,-1.00,0.0000
5,99,BinaryOperatorReplacement,false,2838.00,-1.00,0.0000
6,1,MoveStatement,false,2919.00,-1.00,0.0000
6,2,DeleteStatement,false,2919.00,-1.00,0.0000
6,3,ReplaceStatement,false,2919.00,-1.00,0.0000
6,4,MatchedDeleteStatement,false,2919.00,-1.00,0.0000
6,5,MatchedReplaceStatement,false,2919.00,-1.00,0.0000
6,6,MatchedSwapStatement,false,2919.00,-1.00,0.0000
6,7,CopyStatement,false,2919.00,-1.00,0.0000
6,8,UnaryOperatorReplacement,true,2919.00,2899.00,1.0069
6,9,SwapStatement,true,2899.00,2888.00,1.0038
6,10,MatchedCopyStatement,true,2888.00,2912.00,0.9918
6,11,BinaryOperatorReplacement,false,2888.00,-1.00,0.0000
6,12,UnaryOperatorReplacement,false,2888.00,-1.00,0.0000
6,13,SwapStatement,false,2888.00,-1.00,0.0000
6,14,MatchedCopyStatement,false,2888.00,-1.00,0.0000
6,15,DeleteStatement,false,2888.00,-1.00,0.0000
6,16,CopyStatement,false,2888.00,-1.00,0.0000
6,17,ReplaceStatement,false,2888.00,-1.00,0.0000
6,18,MoveStatement,false,2888.00,-1.00,0.0000
6,19,MatchedDeleteStatement,false,2888.00,-1.00,0.0000
6,20,MatchedReplaceStatement,false,2888.00,-1.00,0.0000
6,21,MatchedSwapStatement,false,2888.00,-1.00,0.0000
6,22,BinaryOperatorReplacement,false,2888.00,-1.00,0.0000
6,23,UnaryOperatorReplacement,true,2888.00,2926.00,0.9870
6,24,SwapStatement,false,2888.00,-1.00,0.0000
6,25,MatchedCopyStatement,false,2888.00,-1.00,0.0000
6,26,UnaryOperatorReplacement,true,2888.00,2861.00,1.0094
6,27,UnaryOperatorReplacement,true,2861.00,2891.00,0.9896
6,28,UnaryOperatorReplacement,true,2861.00,2876.00,0.9948
6,29,UnaryOperatorReplacement,true,2861.00,2864.00,0.9990
6,30,UnaryOperatorReplacement,true,2861.00,2908.00,0.9838
6,31,DeleteStatement,false,2861.00,-1.00,0.0000
6,32,CopyStatement,true,2861.00,2915.00,0.9815
6,33,ReplaceStatement,true,2861.00,2881.00,0.9931
6,34,MoveStatement,true,2861.00,2822.00,1.0138
6,35,MatchedDeleteStatement,false,2822.00,-1.00,0.0000
6,36,MatchedReplaceStatement,false,2822.00,-1.00,0.0000
6,37,MatchedSwapStatement,false,2822.00,-1.00,0.0000
6,38,BinaryOperatorReplacement,false,2822.00,-1.00,0.0000
6,39,MoveStatement,false,2822.00,-1.00,0.0000
6,40,SwapStatement,false,2822.00,-1.00,0.0000
6,41,ReplaceStatement,false,2822.00,-1.00,0.0000
6,42,MatchedCopyStatement,false,2822.00,-1.00,0.0000
6,43,CopyStatement,false,2822.00,-1.00,0.0000
6,44,UnaryOperatorReplacement,false,2822.00,-1.00,0.0000
6,45,UnaryOperatorReplacement,false,2822.00,-1.00,0.0000
6,46,MoveStatement,false,2822.00,-1.00,0.0000
6,47,SwapStatement,false,2822.00,-1.00,0.0000
6,48,ReplaceStatement,false,2822.00,-1.00,0.0000
6,49,MatchedCopyStatement,false,2822.00,-1.00,0.0000
6,50,CopyStatement,false,2822.00,-1.00,0.0000
6,51,DeleteStatement,false,2822.00,-1.00,0.0000
6,52,MatchedDeleteStatement,false,2822.00,-1.00,0.0000
6,53,MatchedReplaceStatement,false,2822.00,-1.00,0.0000
6,54,MatchedSwapStatement,true,2822.00,2917.00,0.9674
6,55,MatchedSwapStatement,false,2822.00,-1.00,0.0000
6,56,BinaryOperatorReplacement,false,2822.00,-1.00,0.0000
6,57,UnaryOperatorReplacement,false,2822.00,-1.00,0.0000
6,58,UnaryOperatorReplacement,true,2822.00,2875.00,0.9816
6,59,UnaryOperatorReplacement,false,2822.00,-1.00,0.0000
6,60,MoveStatement,true,2822.00,2856.00,0.9881
6,61,MoveStatement,false,2822.00,-1.00,0.0000
6,62,SwapStatement,false,2822.00,-1.00,0.0000
6,63,ReplaceStatement,false,2822.00,-1.00,0.0000
6,64,MatchedCopyStatement,false,2822.00,-1.00,0.0000
6,65,CopyStatement,false,2822.00,-1.00,0.0000
6,66,MatchedSwapStatement,false,2822.00,-1.00,0.0000
6,67,DeleteStatement,false,2822.00,-1.00,0.0000
6,68,MatchedDeleteStatement,false,2822.00,-1.00,0.0000
6,69,MatchedReplaceStatement,false,2822.00,-1.00,0.0000
6,70,BinaryOperatorReplacement,false,2822.00,-1.00,0.0000
6,71,UnaryOperatorReplacement,false,2822.00,-1.00,0.0000
6,72,MoveStatement,false,2822.00,-1.00,0.0000
6,73,SwapStatement,false,2822.00,-1.00,0.0000
6,74,ReplaceStatement,false,2822.00,-1.00,0.0000
6,75,MatchedCopyStatement,false,2822.00,-1.00,0.0000
6,76,CopyStatement,true,2822.00,2836.00,0.9951
6,77,CopyStatement,true,2822.00,2850.00,0.9902
6,78,CopyStatement,false,2822.00,-1.00,0.0000
6,79,MatchedSwapStatement,false,2822.00,-1.00,0.0000
6,80,UnaryOperatorReplacement,true,2822.00,2882.00,0.9792
6,81,UnaryOperatorReplacement,false,2822.00,-1.00,0.0000
6,82,DeleteStatement,false,2822.00,-1.00,0.0000
6,83,MatchedDeleteStatement,false,2822.00,-1.00,0.0000
6,84,MatchedReplaceStatement,false,2822.00,-1.00,0.0000
6,85,BinaryOperatorReplacement,false,2822.00,-1.00,0.0000
6,86,CopyStatement,false,2822.00,-1.00,0.0000
6,87,MoveStatement,false,2822.00,-1.00,0.0000
6,88,UnaryOperatorReplacement,true,2822.00,2870.00,0.9833
6,89,UnaryOperatorReplacement,true,2822.00,2905.00,0.9714
6,90,UnaryOperatorReplacement,true,2822.00,2894.00,0.9751
6,91,UnaryOperatorReplacement,true,2822.00,2958.00,0.9540
6,92,UnaryOperatorReplacement,false,2822.00,-1.00,0.0000
6,93,SwapStatement,false,2822.00,-1.00,0.0000
6,94,ReplaceStatement,false,2822.00,-1.00,0.0000
6,95,MatchedCopyStatement,false,2822.00,-1.00,0.0000
6,96,MatchedSwapStatement,false,2822.00,-1.00,0.0000
6,97,UnaryOperatorReplacement,false,2822.00,-1.00,0.0000
6,98,CopyStatement,false,2822.00,-1.00,0.0000
6,99,DeleteStatement,false,2822.00,-1.00,0.0000
7,1,ReplaceStatement,false,2854.00,-1.00,0.0000
7,2,MoveStatement,false,2854.00,-1.00,0.0000
7,3,DeleteStatement,false,2854.00,-1.00,0.0000
7,4,MatchedSwapStatement,false,2854.00,-1.00,0.0000
7,5,MatchedCopyStatement,false,2854.00,-1.00,0.0000
7,6,BinaryOperatorReplacement,false,2854.00,-1.00,0.0000
7,7,CopyStatement,false,2854.00,-1.00,0.0000
7,8,MatchedReplaceStatement,false,2854.00,-1.00,0.0000
7,9,MatchedDeleteStatement,false,2854.00,-1.00,0.0000
7,10,SwapStatement,false,2854.00,-1.00,0.0000
7,11,UnaryOperatorReplacement,true,2854.00,2932.00,0.9734
7,12,UnaryOperatorReplacement,false,2854.00,-1.00,0.0000
7,13,DeleteStatement,false,2854.00,-1.00,0.0000
7,14,CopyStatement,false,2854.00,-1.00,0.0000
7,15,ReplaceStatement,false,2854.00,-1.00,0.0000
7,16,SwapStatement,false,2854.00,-1.00,0.0000
7,17,MoveStatement,false,2854.00,-1.00,0.0000
7,18,MatchedDeleteStatement,false,2854.00,-1.00,0.0000
7,19,MatchedCopyStatement,false,2854.00,-1.00,0.0000
7,20,MatchedReplaceStatement,false,2854.00,-1.00,0.0000
7,21,MatchedSwapStatement,false,2854.00,-1.00,0.0000
7,22,BinaryOperatorReplacement,false,2854.00,-1.00,0.0000
7,23,UnaryOperatorReplacement,false,2854.00,-1.00,0.0000
7,24,DeleteStatement,false,2854.00,-1.00,0.0000
7,25,CopyStatement,false,2854.00,-1.00,0.0000
7,26,ReplaceStatement,false,2854.00,-1.00,0.0000
7,27,SwapStatement,false,2854.00,-1.00,0.0000
7,28,MoveStatement,false,2854.00,-1.00,0.0000
7,29,MatchedDeleteStatement,false,2854.00,-1.00,0.0000
7,30,MatchedCopyStatement,false,2854.00,-1.00,0.0000
7,31,MatchedReplaceStatement,false,2854.00,-1.00,0.0000
7,32,MatchedSwapStatement,true,2854.00,2977.00,0.9587
7,33,BinaryOperatorReplacement,false,2854.00,-1.00,0.0000
7,34,UnaryOperatorReplacement,true,2854.00,2948.00,0.9681
7,35,MatchedSwapStatement,false,2854.00,-1.00,0.0000
7,36,UnaryOperatorReplacement,true,2854.00,2979.00,0.9580
7,37,UnaryOperatorReplacement,false,2854.00,-1.00,0.0000
7,38,MatchedSwapStatement,false,2854.00,-1.00,0.0000
7,39,UnaryOperatorReplacement,true,2854.00,2995.00,0.9529
7,40,UnaryOperatorReplacement,false,2854.00,-1.00,0.0000
7,41,DeleteStatement,false,2854.00,-1.00,0.0000
7,42,CopyStatement,true,2854.00,2953.00,0.9665
7,43,CopyStatement,false,2854.00,-1.00,0.0000
7,44,ReplaceStatement,false,2854.00,-1.00,0.0000
7,45,SwapStatement,false,2854.00,-1.00,0.0000
7,46,MoveStatement,false,2854.00,-1.00,0.0000
7,47,MatchedDeleteStatement,false,2854.00,-1.00,0.0000
7,48,MatchedCopyStatement,false,2854.00,-1.00,0.0000
7,49,MatchedReplaceStatement,false,2854.00,-1.00,0.0000
7,50,BinaryOperatorReplacement,false,2854.00,-1.00,0.0000
7,51,UnaryOperatorReplacement,false,2854.00,-1.00,0.0000
7,52,CopyStatement,false,2854.00,-1.00,0.0000
7,53,MatchedSwapStatement,true,2854.00,2913.00,0.9797
7,54,MatchedSwapStatement,false,2854.00,-1.00,0.0000
7,55,DeleteStatement,false,2854.00,-1.00,0.0000
7,56,ReplaceStatement,false,2854.00,-1.00,0.0000
7,57,SwapStatement,false,2854.00,-1.00,0.0000
7,58,MoveStatement,false,2854.00,-1.00,0.0000
7,59,MatchedDeleteStatement,false,2854.00,-1.00,0.0000
7,60,MatchedCopyStatement,false,2854.00,-1.00,0.0000
7,61,MatchedReplaceStatement,false,2854.00,-1.00,0.0000
7,62,BinaryOperatorReplacement,false,2854.00,-1.00,0.0000
7,63,UnaryOperatorReplacement,false,2854.00,-1.00,0.0000
7,64,MatchedSwapStatement,false,2854.00,-1.00,0.0000
7,65,CopyStatement,false,2854.00,-1.00,0.0000
7,66,UnaryOperatorReplacement,false,2854.00,-1.00,0.0000
7,67,DeleteStatement,false,2854.00,-1.00,0.0000
7,68,ReplaceStatement,false,2854.00,-1.00,0.0000
7,69,SwapStatement,false,2854.00,-1.00,0.0000
7,70,MoveStatement,false,2854.00,-1.00,0.0000
7,71,MatchedDeleteStatement,false,2854.00,-1.00,0.0000
7,72,MatchedCopyStatement,false,2854.00,-1.00,0.0000
7,73,MatchedReplaceStatement,false,2854.00,-1.00,0.0000
7,74,BinaryOperatorReplacement,false,2854.00,-1.00,0.0000
7,75,MatchedSwapStatement,true,2854.00,2913.00,0.9797
7,76,MatchedSwapStatement,false,2854.00,-1.00,0.0000
7,77,CopyStatement,false,2854.00,-1.00,0.0000
7,78,UnaryOperatorReplacement,false,2854.00,-1.00,0.0000
7,79,MatchedSwapStatement,false,2854.00,-1.00,0.0000
7,80,DeleteStatement,false,2854.00,-1.00,0.0000
7,81,ReplaceStatement,false,2854.00,-1.00,0.0000
7,82,SwapStatement,false,2854.00,-1.00,0.0000
7,83,MoveStatement,false,2854.00,-1.00,0.0000
7,84,MatchedDeleteStatement,false,2854.00,-1.00,0.0000
7,85,MatchedCopyStatement,false,2854.00,-1.00,0.0000
7,86,MatchedReplaceStatement,false,2854.00,-1.00,0.0000
7,87,BinaryOperatorReplacement,false,2854.00,-1.00,0.0000
7,88,UnaryOperatorReplacement,false,2854.00,-1.00,0.0000
7,89,CopyStatement,false,2854.00,-1.00,0.0000
7,90,MatchedSwapStatement,false,2854.00,-1.00,0.0000
7,91,DeleteStatement,false,2854.00,-1.00,0.0000
7,92,ReplaceStatement,false,2854.00,-1.00,0.0000
7,93,SwapStatement,true,2854.00,2897.00,0.9852
7,94,SwapStatement,false,2854.00,-1.00,0.0000
7,95,MoveStatement,false,2854.00,-1.00,0.0000
7,96,MatchedDeleteStatement,false,2854.00,-1.00,0.0000
7,97,MatchedCopyStatement,false,2854.00,-1.00,0.0000
7,98,MatchedReplaceStatement,false,2854.00,-1.00,0.0000
7,99,BinaryOperatorReplacement,false,2854.00,-1.00,0.0000
8,1,SwapStatement,false,2833.00,-1.00,0.0000
8,2,MoveStatement,false,2833.00,-1.00,0.0000
8,3,BinaryOperatorReplacement,false,2833.00,-1.00,0.0000
8,4,MatchedCopyStatement,false,2833.00,-1.00,0.0000
8,5,MatchedSwapStatement,false,2833.00,-1.00,0.0000
8,6,UnaryOperatorReplacement,false,2833.00,-1.00,0.0000
8,7,DeleteStatement,false,2833.00,-1.00,0.0000
8,8,MatchedReplaceStatement,false,2833.00,-1.00,0.0000
8,9,CopyStatement,false,2833.00,-1.00,0.0000
8,10,ReplaceStatement,true,2833.00,2843.00,0.9965
8,11,MatchedDeleteStatement,false,2833.00,-1.00,0.0000
8,12,ReplaceStatement,false,2833.00,-1.00,0.0000
8,13,DeleteStatement,false,2833.00,-1.00,0.0000
8,14,CopyStatement,false,2833.00,-1.00,0.0000
8,15,SwapStatement,false,2833.00,-1.00,0.0000
8,16,MoveStatement,false,2833.00,-1.00,0.0000
8,17,MatchedDeleteStatement,false,2833.00,-1.00,0.0000
8,18,MatchedCopyStatement,false,2833.00,-1.00,0.0000
8,19,MatchedReplaceStatement,false,2833.00,-1.00,0.0000
8,20,MatchedSwapStatement,false,2833.00,-1.00,0.0000
8,21,BinaryOperatorReplacement,false,2833.00,-1.00,0.0000
8,22,UnaryOperatorReplacement,true,2833.00,2833.00,1.0000
8,23,UnaryOperatorReplacement,false,2833.00,-1.00,0.0000
8,24,ReplaceStatement,false,2833.00,-1.00,0.0000
8,25,UnaryOperatorReplacement,false,2833.00,-1.00,0.0000
8,26,ReplaceStatement,false,2833.00,-1.00,0.0000
8,27,DeleteStatement,false,2833.00,-1.00,0.0000
8,28,CopyStatement,false,2833.00,-1.00,0.0000
8,29,SwapStatement,false,2833.00,-1.00,0.0000
8,30,MoveStatement,false,2833.00,-1.00,0.0000
8,31,MatchedDeleteStatement,false,2833.00,-1.00,0.0000
8,32,MatchedCopyStatement,false,2833.00,-1.00,0.0000
8,33,MatchedReplaceStatement,false,2833.00,-1.00,0.0000
8,34,MatchedSwapStatement,false,2833.00,-1.00,0.0000
8,35,BinaryOperatorReplacement,false,2833.00,-1.00,0.0000
8,36,UnaryOperatorReplacement,false,2833.00,-1.00,0.0000
8,37,ReplaceStatement,false,2833.00,-1.00,0.0000
8,38,DeleteStatement,false,2833.00,-1.00,0.0000
8,39,CopyStatement,false,2833.00,-1.00,0.0000
8,40,SwapStatement,true,2833.00,2818.00,1.0053
8,41,SwapStatement,true,2818.00,2817.00,1.0004
8,42,SwapStatement,false,2817.00,-1.00,0.0000
8,43,MoveStatement,false,2817.00,-1.00,0.0000
8,44,MatchedDeleteStatement,false,2817.00,-1.00,0.0000
8,45,MatchedCopyStatement,false,2817.00,-1.00,0.0000
8,46,MatchedReplaceStatement,false,2817.00,-1.00,0.0000
8,47,MatchedSwapStatement,false,2817.00,-1.00,0.0000
8,48,BinaryOperatorReplacement,false,2817.00,-1.00,0.0000
8,49,SwapStatement,true,2817.00,2823.00,0.9979
8,50,SwapStatement,false,2817.00,-1.00,0.0000
8,51,UnaryOperatorReplacement,false,2817.00,-1.00,0.0000
8,52,ReplaceStatement,false,2817.00,-1.00,0.0000
8,53,DeleteStatement,false,2817.00,-1.00,0.0000
8,54,CopyStatement,false,2817.00,-1.00,0.0000
8,55,MoveStatement,false,2817.00,-1.00,0.0000
8,56,MatchedDeleteStatement,false,2817.00,-1.00,0.0000
8,57,MatchedCopyStatement,false,2817.00,-1.00,0.0000
8,58,MatchedReplaceStatement,false,2817.00,-1.00,0.0000
8,59,MatchedSwapStatement,false,2817.00,-1.00,0.0000
8,60,BinaryOperatorReplacement,false,2817.00,-1.00,0.0000
8,61,SwapStatement,false,2817.00,-1.00,0.0000
8,62,UnaryOperatorReplacement,false,2817.00,-1.00,0.0000
8,63,ReplaceStatement,false,2817.00,-1.00,0.0000
8,64,SwapStatement,false,2817.00,-1.00,0.0000
8,65,DeleteStatement,false,2817.00,-1.00,0.0000
8,66,CopyStatement,false,2817.00,-1.00,0.0000
8,67,MoveStatement,false,2817.00,-1.00,0.0000
8,68,MatchedDeleteStatement,false,2817.00,-1.00,0.0000
8,69,MatchedCopyStatement,false,2817.00,-1.00,0.0000
8,70,MatchedReplaceStatement,false,2817.00,-1.00,0.0000
8,71,MatchedSwapStatement,false,2817.00,-1.00,0.0000
8,72,BinaryOperatorReplacement,false,2817.00,-1.00,0.0000
8,73,UnaryOperatorReplacement,false,2817.00,-1.00,0.0000
8,74,ReplaceStatement,false,2817.00,-1.00,0.0000
8,75,SwapStatement,false,2817.00,-1.00,0.0000
8,76,DeleteStatement,false,2817.00,-1.00,0.0000
8,77,CopyStatement,false,2817.00,-1.00,0.0000
8,78,MoveStatement,true,2817.00,2814.00,1.0011
8,79,MoveStatement,true,2814.00,2827.00,0.9954
8,80,MoveStatement,true,2814.00,2809.00,1.0018
8,81,MoveStatement,true,2809.00,2794.00,1.0054
8,82,MoveStatement,false,2794.00,-1.00,0.0000
8,83,MoveStatement,true,2794.00,2816.00,0.9922
8,84,MoveStatement,false,2794.00,-1.00,0.0000
8,85,MatchedDeleteStatement,false,2794.00,-1.00,0.0000
8,86,MatchedCopyStatement,false,2794.00,-1.00,0.0000
8,87,MatchedReplaceStatement,true,2794.00,2846.00,0.9817
8,88,MatchedReplaceStatement,false,2794.00,-1.00,0.0000
8,89,MatchedSwapStatement,true,2794.00,2831.00,0.9869
8,90,MatchedSwapStatement,true,2794.00,2843.00,0.9828
8,91,MatchedSwapStatement,false,2794.00,-1.00,0.0000
8,92,BinaryOperatorReplacement,false,2794.00,-1.00,0.0000
8,93,MatchedSwapStatement,true,2794.00,3158.00,0.8847
8,94,MatchedSwapStatement,false,2794.00,-1.00,0.0000
8,95,MoveStatement,false,2794.00,-1.00,0.0000
8,96,UnaryOperatorReplacement,false,2794.00,-1.00,0.0000
8,97,ReplaceStatement,false,2794.00,-1.00,0.0000
8,98,MatchedReplaceStatement,false,2794.00,-1.00,0.0000
8,99,SwapStatement,false,2794.00,-1.00,0.0000
9,1,MatchedCopyStatement,false,163.00,-1.00,0.0000
9,2,MatchedDeleteStatement,true,163.00,151.00,1.0795
9,3,MatchedSwapStatement,false,151.00,-1.00,0.0000
9,4,BinaryOperatorReplacement,false,151.00,-1.00,0.0000
9,5,MatchedReplaceStatement,false,151.00,-1.00,0.0000
9,6,CopyStatement,true,151.00,159.00,0.9497
9,7,ReplaceStatement,false,151.00,-1.00,0.0000
9,8,UnaryOperatorReplacement,true,151.00,152.00,0.9934
9,9,DeleteStatement,false,151.00,-1.00,0.0000
9,10,MoveStatement,false,151.00,-1.00,0.0000
9,11,SwapStatement,true,151.00,152.00,0.9934
9,12,MatchedDeleteStatement,true,151.00,160.00,0.9438
9,13,SwapStatement,true,151.00,154.00,0.9805
9,14,UnaryOperatorReplacement,true,151.00,153.00,0.9869
9,15,CopyStatement,false,151.00,-1.00,0.0000
9,16,MatchedDeleteStatement,true,151.00,149.00,1.0134
9,17,UnaryOperatorReplacement,false,149.00,-1.00,0.0000
9,18,SwapStatement,false,149.00,-1.00,0.0000
9,19,DeleteStatement,false,149.00,-1.00,0.0000
9,20,ReplaceStatement,false,149.00,-1.00,0.0000
9,21,MoveStatement,false,149.00,-1.00,0.0000
9,22,MatchedCopyStatement,false,149.00,-1.00,0.0000
9,23,MatchedReplaceStatement,false,149.00,-1.00,0.0000
9,24,MatchedSwapStatement,false,149.00,-1.00,0.0000
9,25,BinaryOperatorReplacement,false,149.00,-1.00,0.0000
9,26,MatchedDeleteStatement,false,149.00,-1.00,0.0000
9,27,CopyStatement,true,149.00,155.00,0.9613
9,28,UnaryOperatorReplacement,false,149.00,-1.00,0.0000
9,29,SwapStatement,false,149.00,-1.00,0.0000
9,30,CopyStatement,false,149.00,-1.00,0.0000
9,31,MatchedDeleteStatement,false,149.00,-1.00,0.0000
9,32,DeleteStatement,false,149.00,-1.00,0.0000
9,33,ReplaceStatement,false,149.00,-1.00,0.0000
9,34,MoveStatement,false,149.00,-1.00,0.0000
9,35,MatchedCopyStatement,false,149.00,-1.00,0.0000
9,36,MatchedReplaceStatement,false,149.00,-1.00,0.0000
9,37,MatchedSwapStatement,false,149.00,-1.00,0.0000
9,38,BinaryOperatorReplacement,false,149.00,-1.00,0.0000
9,39,UnaryOperatorReplacement,true,149.00,154.00,0.9675
9,40,SwapStatement,false,149.00,-1.00,0.0000
9,41,CopyStatement,false,149.00,-1.00,0.0000
9,42,MatchedDeleteStatement,true,149.00,153.00,0.9739
9,43,UnaryOperatorReplacement,false,149.00,-1.00,0.0000
9,44,MatchedDeleteStatement,false,149.00,-1.00,0.0000
9,45,SwapStatement,false,149.00,-1.00,0.0000
9,46,UnaryOperatorReplacement,false,149.00,-1.00,0.0000
9,47,CopyStatement,false,149.00,-1.00,0.0000
9,48,MatchedDeleteStatement,false,149.00,-1.00,0.0000
9,49,DeleteStatement,false,149.00,-1.00,0.0000
9,50,ReplaceStatement,false,149.00,-1.00,0.0000
9,51,MoveStatement,false,149.00,-1.00,0.0000
9,52,MatchedCopyStatement,false,149.00,-1.00,0.0000
9,53,MatchedReplaceStatement,false,149.00,-1.00,0.0000
9,54,MatchedSwapStatement,false,149.00,-1.00,0.0000
9,55,BinaryOperatorReplacement,false,149.00,-1.00,0.0000
9,56,MatchedDeleteStatement,false,149.00,-1.00,0.0000
9,57,UnaryOperatorReplacement,true,149.00,166.00,0.8976
9,58,SwapStatement,false,149.00,-1.00,0.0000
9,59,UnaryOperatorReplacement,false,149.00,-1.00,0.0000
9,60,CopyStatement,false,149.00,-1.00,0.0000
9,61,DeleteStatement,false,149.00,-1.00,0.0000
9,62,ReplaceStatement,false,149.00,-1.00,0.0000
9,63,MoveStatement,false,149.00,-1.00,0.0000
9,64,MatchedCopyStatement,false,149.00,-1.00,0.0000
9,65,MatchedReplaceStatement,true,149.00,152.00,0.9803
9,66,MatchedReplaceStatement,false,149.00,-1.00,0.0000
9,67,MatchedSwapStatement,false,149.00,-1.00,0.0000
9,68,BinaryOperatorReplacement,false,149.00,-1.00,0.0000
9,69,MatchedDeleteStatement,false,149.00,-1.00,0.0000
9,70,UnaryOperatorReplacement,false,149.00,-1.00,0.0000
9,71,SwapStatement,false,149.00,-1.00,0.0000
9,72,CopyStatement,false,149.00,-1.00,0.0000
9,73,MatchedReplaceStatement,false,149.00,-1.00,0.0000
9,74,MatchedDeleteStatement,false,149.00,-1.00,0.0000
9,75,UnaryOperatorReplacement,false,149.00,-1.00,0.0000
9,76,DeleteStatement,false,149.00,-1.00,0.0000
9,77,ReplaceStatement,false,149.00,-1.00,0.0000
9,78,MoveStatement,false,149.00,-1.00,0.0000
9,79,MatchedCopyStatement,true,149.00,186.00,0.8011
9,80,MatchedCopyStatement,false,149.00,-1.00,0.0000
9,81,MatchedSwapStatement,false,149.00,-1.00,0.0000
9,82,BinaryOperatorReplacement,false,149.00,-1.00,0.0000
9,83,SwapStatement,false,149.00,-1.00,0.0000
9,84,CopyStatement,false,149.00,-1.00,0.0000
9,85,MatchedReplaceStatement,false,149.00,-1.00,0.0000
9,86,MatchedDeleteStatement,false,149.00,-1.00,0.0000
9,87,UnaryOperatorReplacement,false,149.00,-1.00,0.0000
9,88,MatchedCopyStatement,false,149.00,-1.00,0.0000
9,89,DeleteStatement,false,149.00,-1.00,0.0000
9,90,ReplaceStatement,false,149.00,-1.00,0.0000
9,91,MoveStatement,false,149.00,-1.00,0.0000
9,92,MatchedSwapStatement,false,149.00,-1.00,0.0000
9,93,BinaryOperatorReplacement,false,149.00,-1.00,0.0000
9,94,SwapStatement,false,149.00,-1.00,0.0000
9,95,CopyStatement,false,149.00,-1.00,0.0000
9,96,MatchedDeleteStatement,false,149.00,-1.00,0.0000
9,97,UnaryOperatorReplacement,true,149.00,159.00,0.9371
9,98,UnaryOperatorReplacement,true,149.00,159.00,0.9371
9,99,UnaryOperatorReplacement,true,149.00,153.00,0.9739
10,1,MatchedSwapStatement,false,1173.00,-1.00,0.0000
10,2,CopyStatement,false,1173.00,-1.00,0.0000
10,3,ReplaceStatement,false,1173.00,-1.00,0.0000
10,4,SwapStatement,false,1173.00,-1.00,0.0000
10,5,MatchedDeleteStatement,false,1173.00,-1.00,0.0000
10,6,MatchedCopyStatement,false,1173.00,-1.00,0.0000
10,7,DeleteStatement,false,1173.00,-1.00,0.0000
10,8,UnaryOperatorReplacement,true,1173.00,1178.00,0.9958
10,9,BinaryOperatorReplacement,false,1173.00,-1.00,0.0000
10,10,MatchedReplaceStatement,false,1173.00,-1.00,0.0000
10,11,MoveStatement,true,1173.00,1184.00,0.9907
10,12,UnaryOperatorReplacement,true,1173.00,1146.00,1.0236
10,13,MoveStatement,true,1146.00,1122.00,1.0214
10,14,UnaryOperatorReplacement,true,1122.00,1126.00,0.9964
10,15,MoveStatement,true,1122.00,1126.00,0.9964
10,16,UnaryOperatorReplacement,true,1122.00,1133.00,0.9903
10,17,MoveStatement,true,1122.00,1123.00,0.9991
10,18,DeleteStatement,true,1122.00,1198.00,0.9366
10,19,CopyStatement,true,1122.00,1173.00,0.9565
10,20,ReplaceStatement,true,1122.00,1156.00,0.9706
10,21,SwapStatement,false,1122.00,-1.00,0.0000
10,22,MatchedDeleteStatement,false,1122.00,-1.00,0.0000
10,23,MatchedCopyStatement,true,1122.00,1132.00,0.9912
10,24,MatchedReplaceStatement,false,1122.00,-1.00,0.0000
10,25,MatchedSwapStatement,true,1122.00,1151.00,0.9748
10,26,BinaryOperatorReplacement,true,1122.00,1213.00,0.9250
10,27,MatchedCopyStatement,true,1122.00,1180.00,0.9508
10,28,MatchedSwapStatement,false,1122.00,-1.00,0.0000
10,29,ReplaceStatement,true,1122.00,1129.00,0.9938
10,30,CopyStatement,true,1122.00,1138.00,0.9859
10,31,DeleteStatement,false,1122.00,-1.00,0.0000
10,32,BinaryOperatorReplacement,true,1122.00,1128.00,0.9947
10,33,MoveStatement,true,1122.00,1131.00,0.9920
10,34,UnaryOperatorReplacement,true,1122.00,1132.00,0.9912
10,35,ReplaceStatement,false,1122.00,-1.00,0.0000
10,36,MoveStatement,true,1122.00,1454.00,0.7717
10,37,UnaryOperatorReplacement,true,1122.00,1189.00,0.9437
10,38,CopyStatement,true,1122.00,1135.00,0.9885
10,39,MatchedCopyStatement,true,1122.00,1190.00,0.9429
10,40,BinaryOperatorReplacement,false,1122.00,-1.00,0.0000
10,41,UnaryOperatorReplacement,true,1122.00,1164.00,0.9639
10,42,CopyStatement,false,1122.00,-1.00,0.0000
10,43,MatchedCopyStatement,false,1122.00,-1.00,0.0000
10,44,MoveStatement,true,1122.00,1141.00,0.9833
10,45,UnaryOperatorReplacement,true,1122.00,1132.00,0.9912
10,46,MoveStatement,true,1122.00,1198.00,0.9366
10,47,UnaryOperatorReplacement,true,1122.00,1162.00,0.9656
10,48,SwapStatement,true,1122.00,1222.00,0.9182
10,49,MatchedDeleteStatement,true,1122.00,1139.00,0.9851
10,50,MatchedReplaceStatement,false,1122.00,-1.00,0.0000
10,51,MoveStatement,true,1122.00,1165.00,0.9631
10,52,MatchedDeleteStatement,true,1122.00,1185.00,0.9468
10,53,MatchedSwapStatement,true,1122.00,1163.00,0.9647
10,54,DeleteStatement,true,1122.00,1146.00,0.9791
10,55,SwapStatement,true,1122.00,1146.00,0.9791
10,56,UnaryOperatorReplacement,true,1122.00,1140.00,0.9842
10,57,ReplaceStatement,false,1122.00,-1.00,0.0000
10,58,MoveStatement,true,1122.00,1121.00,1.0009
10,59,MatchedSwapStatement,false,1121.00,-1.00,0.0000
10,60,MatchedDeleteStatement,false,1121.00,-1.00,0.0000
10,61,BinaryOperatorReplacement,false,1121.00,-1.00,0.0000
10,62,DeleteStatement,false,1121.00,-1.00,0.0000
10,63,SwapStatement,false,1121.00,-1.00,0.0000
10,64,UnaryOperatorReplacement,true,1121.00,1162.00,0.9647
10,65,MoveStatement,false,1121.00,-1.00,0.0000
10,66,CopyStatement,false,1121.00,-1.00,0.0000
10,67,MatchedCopyStatement,false,1121.00,-1.00,0.0000
10,68,UnaryOperatorReplacement,true,1121.00,1188.00,0.9436
10,69,UnaryOperatorReplacement,true,1121.00,1163.00,0.9639
10,70,UnaryOperatorReplacement,true,1121.00,1182.00,0.9484
10,71,MoveStatement,false,1121.00,-1.00,0.0000
10,72,UnaryOperatorReplacement,true,1121.00,1167.00,0.9606
10,73,UnaryOperatorReplacement,true,1121.00,1195.00,0.9381
10,74,UnaryOperatorReplacement,true,1121.00,1185.00,0.9460
10,75,ReplaceStatement,false,1121.00,-1.00,0.0000
10,76,MatchedSwapStatement,false,1121.00,-1.00,0.0000
10,77,MatchedDeleteStatement,false,1121.00,-1.00,0.0000
10,78,BinaryOperatorReplacement,false,1121.00,-1.00,0.0000
10,79,MatchedReplaceStatement,false,1121.00,-1.00,0.0000
10,80,DeleteStatement,false,1121.00,-1.00,0.0000
10,81,SwapStatement,true,1121.00,1162.00,0.9647
10,82,CopyStatement,false,1121.00,-1.00,0.0000
10,83,MatchedCopyStatement,true,1121.00,1230.00,0.9114
10,84,UnaryOperatorReplacement,true,1121.00,1207.00,0.9287
10,85,SwapStatement,false,1121.00,-1.00,0.0000
10,86,UnaryOperatorReplacement,true,1121.00,1176.00,0.9532
10,87,MatchedCopyStatement,false,1121.00,-1.00,0.0000
10,88,MoveStatement,true,1121.00,1187.00,0.9444
10,89,UnaryOperatorReplacement,true,1121.00,1194.00,0.9389
10,90,MoveStatement,true,1121.00,1159.00,0.9672
10,91,UnaryOperatorReplacement,true,1121.00,1190.00,0.9420
10,92,MoveStatement,false,1121.00,-1.00,0.0000
10,93,UnaryOperatorReplacement,true,1121.00,1218.00,0.9204
10,94,UnaryOperatorReplacement,true,1121.00,1177.00,0.9524
10,95,UnaryOperatorReplacement,true,1121.00,1198.00,0.9357
10,96,UnaryOperatorReplacement,true,1121.00,1160.00,0.9664
10,97,UnaryOperatorReplacement,true,1121.00,1183.00,0.9476
10,98,ReplaceStatement,false,1121.00,-1.00,0.0000
10,99,CopyStatement,false,1121.00,-1.00,0.0000
