"PatchIndex","MethodName","MethodID","Operator","Patch","Compiled","AllTestsPassed","BaselineMemory(KB)","PatchMemory(KB)","MemoryImprovement(KB)","ImprovementPercent"
"1","org.jcodec.codecs.h264.decode.CoeffTransformer.quantizeAC(int[],int)","4","BinaryOperatorReplacement","| gin.edit.modifynode.BinaryOperatorReplacement  ""../jcodec/src/main/java/org/jcodec/codecs/h264/decode/CoeffTransformer.java"":2478 MINUS -> PLUS |","true","true","7","7","0","0.00"
"2","org.jcodec.codecs.h264.decode.CoeffTransformer.dequantizeAC(int[],int,int[])","3","SwapStatement","| gin.edit.statement.SwapStatement ""../jcodec/src/main/java/org/jcodec/codecs/h264/decode/CoeffTransformer.java"":2169 <-> ""../jcodec/src/main/java/org/jcodec/codecs/h264/decode/CoeffTransformer.java"":2206 |","false","false","7","-1","8","114.29"
"3","org.jcodec.codecs.h264.decode.CoeffTransformer.fdct4x4(int[])","2","CopyStatement","| gin.edit.statement.CopyStatement ""../jcodec/src/main/java/org/jcodec/codecs/h264/decode/CoeffTransformer.java"":3334 -> ""../jcodec/src/main/java/org/jcodec/codecs/h264/decode/CoeffTransformer.java"":1405:1494 |","false","false","7","-1","8","114.29"
"4","org.jcodec.codecs.h264.decode.CoeffTransformer.invDC4x4(int[])","5","UnaryOperatorReplacement","| gin.edit.modifynode.UnaryOperatorReplacement  ""../jcodec/src/main/java/org/jcodec/codecs/h264/decode/CoeffTransformer.java"":1707 POSTFIX_INCREMENT -> POSTFIX_DECREMENT |","true","true","7","7","0","0.00"
"5","org.jcodec.codecs.h264.decode.CoeffTransformer.invDC4x4(int[])","5","MatchedCopyStatement","| gin.edit.matched.MatchedCopyStatement ""../jcodec/src/main/java/org/jcodec/codecs/h264/decode/CoeffTransformer.java"":523 -> ""../jcodec/src/main/java/org/jcodec/codecs/h264/decode/CoeffTransformer.java"":1710:1827 |","false","false","7","-1","8","114.29"
"6","org.jcodec.codecs.h264.decode.CoeffTransformer.fvdDC4x4(int[])","6","MatchedSwapStatement","| gin.edit.matched.MatchedSwapStatement ""../jcodec/src/main/java/org/jcodec/codecs/h264/decode/CoeffTransformer.java"":2009 <-> ""../jcodec/src/main/java/org/jcodec/codecs/h264/decode/CoeffTransformer.java"":2009 |","true","true","7","7","0","0.00"
"7","org.jcodec.codecs.h264.decode.CoeffTransformer.fdct4x4(int[])","2","SwapStatement","| gin.edit.statement.SwapStatement ""../jcodec/src/main/java/org/jcodec/codecs/h264/decode/CoeffTransformer.java"":1314 <-> ""../jcodec/src/main/java/org/jcodec/codecs/h264/decode/CoeffTransformer.java"":1332 |","true","true","7","7","0","0.00"
"8","org.jcodec.codecs.h264.decode.CoeffTransformer.idct4x4(int[])","1","UnaryOperatorReplacement","|","true","true","220","7","213","96.82"
"9","org.jcodec.codecs.h264.decode.CoeffTransformer.fvdDC4x4(int[])","6","CopyStatement","| gin.edit.statement.CopyStatement ""../jcodec/src/main/java/org/jcodec/codecs/h264/decode/CoeffTransformer.java"":4880 -> ""../jcodec/src/main/java/org/jcodec/codecs/h264/decode/CoeffTransformer.java"":1865:1904 |","false","false","7","-1","8","114.29"
"10","org.jcodec.codecs.h264.decode.CoeffTransformer.idct4x4(int[])","1","CopyStatement","| gin.edit.statement.CopyStatement ""../jcodec/src/main/java/org/jcodec/codecs/h264/decode/CoeffTransformer.java"":4300 -> ""../jcodec/src/main/java/org/jcodec/codecs/h264/decode/CoeffTransformer.java"":876:876 |","false","false","220","-1","221","100.45"
"11","org.jcodec.codecs.h264.decode.CoeffTransformer.invDC4x4(int[])","5","MatchedReplaceStatement","| gin.edit.matched.MatchedReplaceStatement ""../jcodec/src/main/java/org/jcodec/codecs/h264/decode/CoeffTransformer.java"":2184 -> ""../jcodec/src/main/java/org/jcodec/codecs/h264/decode/CoeffTransformer.java"":1799 |","false","false","7","-1","8","114.29"
"12","org.jcodec.codecs.h264.decode.CoeffTransformer.dequantizeAC(int[],int,int[])","3","MatchedReplaceStatement","| gin.edit.matched.MatchedReplaceStatement ""../jcodec/src/main/java/org/jcodec/codecs/h264/decode/CoeffTransformer.java"":2712 -> ""../jcodec/src/main/java/org/jcodec/codecs/h264/decode/CoeffTransformer.java"":2308 |","false","false","7","-1","8","114.29"
"13","org.jcodec.codecs.h264.decode.CoeffTransformer.quantizeAC(int[],int)","4","MatchedDeleteStatement","| gin.edit.matched.MatchedDeleteStatement ""../jcodec/src/main/java/org/jcodec/codecs/h264/decode/CoeffTransformer.java"":2459 |","true","true","7","7","0","0.00"
"14","org.jcodec.codecs.h264.decode.CoeffTransformer.fvdDC4x4(int[])","6","UnaryOperatorReplacement","| gin.edit.modifynode.UnaryOperatorReplacement  ""../jcodec/src/main/java/org/jcodec/codecs/h264/decode/CoeffTransformer.java"":2006 POSTFIX_INCREMENT -> POSTFIX_DECREMENT |","true","true","7","7","0","0.00"
"15","org.jcodec.codecs.h264.decode.CoeffTransformer.idct4x4(int[])","1","ReplaceStatement","| gin.edit.statement.ReplaceStatement ""../jcodec/src/main/java/org/jcodec/codecs/h264/decode/CoeffTransformer.java"":2668 -> ""../jcodec/src/main/java/org/jcodec/codecs/h264/decode/CoeffTransformer.java"":876 |","false","false","220","-1","221","100.45"
"16","org.jcodec.codecs.h264.decode.CoeffTransformer.quantizeAC(int[],int)","4","MatchedSwapStatement","| gin.edit.matched.MatchedSwapStatement ""../jcodec/src/main/java/org/jcodec/codecs/h264/decode/CoeffTransformer.java"":2384 <-> ""../jcodec/src/main/java/org/jcodec/codecs/h264/decode/CoeffTransformer.java"":2384 |","true","true","7","7","0","0.00"
"17","org.jcodec.codecs.h264.decode.CoeffTransformer.idct4x4(int[])","1","BinaryOperatorReplacement","|","true","true","220","7","213","96.82"
"18","org.jcodec.codecs.h264.decode.CoeffTransformer.invDC4x4(int[])","5","MatchedReplaceStatement","| gin.edit.matched.MatchedReplaceStatement ""../jcodec/src/main/java/org/jcodec/codecs/h264/decode/CoeffTransformer.java"":1866 -> ""../jcodec/src/main/java/org/jcodec/codecs/h264/decode/CoeffTransformer.java"":1603 |","false","false","7","-1","8","114.29"
"19","org.jcodec.codecs.h264.decode.CoeffTransformer.idct4x4(int[])","1","UnaryOperatorReplacement","|","true","true","220","7","213","96.82"
"20","org.jcodec.codecs.h264.decode.CoeffTransformer.idct4x4(int[])","1","MatchedCopyStatement","| gin.edit.matched.MatchedCopyStatement ""../jcodec/src/main/java/org/jcodec/codecs/h264/decode/CoeffTransformer.java"":2238 -> ""../jcodec/src/main/java/org/jcodec/codecs/h264/decode/CoeffTransformer.java"":876:876 |","false","false","220","-1","221","100.45"
"21","org.jcodec.codecs.h264.decode.CoeffTransformer.dequantizeAC(int[],int,int[])","3","MatchedCopyStatement","| gin.edit.matched.MatchedCopyStatement ""../jcodec/src/main/java/org/jcodec/codecs/h264/decode/CoeffTransformer.java"":3276 -> ""../jcodec/src/main/java/org/jcodec/codecs/h264/decode/CoeffTransformer.java"":2168:2169 |","false","false","7","-1","8","114.29"
"22","org.jcodec.codecs.h264.decode.CoeffTransformer.fvdDC4x4(int[])","6","UnaryOperatorReplacement","| gin.edit.modifynode.UnaryOperatorReplacement  ""../jcodec/src/main/java/org/jcodec/codecs/h264/decode/CoeffTransformer.java"":2006 POSTFIX_INCREMENT -> PREFIX_INCREMENT |","true","true","7","7","0","0.00"
"23","org.jcodec.codecs.h264.decode.CoeffTransformer.fvdDC4x4(int[])","6","CopyStatement","| gin.edit.statement.CopyStatement ""../jcodec/src/main/java/org/jcodec/codecs/h264/decode/CoeffTransformer.java"":3202 -> ""../jcodec/src/main/java/org/jcodec/codecs/h264/decode/CoeffTransformer.java"":1865:1865 |","false","false","7","-1","8","114.29"
"24","org.jcodec.codecs.h264.decode.CoeffTransformer.fvdDC4x4(int[])","6","MatchedDeleteStatement","| gin.edit.matched.MatchedDeleteStatement ""../jcodec/src/main/java/org/jcodec/codecs/h264/decode/CoeffTransformer.java"":2009 |","false","false","7","-1","8","114.29"
"25","org.jcodec.codecs.h264.decode.CoeffTransformer.fdct4x4(int[])","2","BinaryOperatorReplacement","| gin.edit.modifynode.BinaryOperatorReplacement  ""../jcodec/src/main/java/org/jcodec/codecs/h264/decode/CoeffTransformer.java"":1353 PLUS -> DIVIDE |","true","true","7","7","0","0.00"
"26","org.jcodec.codecs.h264.decode.CoeffTransformer.idct4x4(int[])","1","CopyStatement","| gin.edit.statement.CopyStatement ""../jcodec/src/main/java/org/jcodec/codecs/h264/decode/CoeffTransformer.java"":2403 -> ""../jcodec/src/main/java/org/jcodec/codecs/h264/decode/CoeffTransformer.java"":876:877 |","false","false","220","-1","221","100.45"
"27","org.jcodec.codecs.h264.decode.CoeffTransformer.fdct4x4(int[])","2","MatchedSwapStatement","| gin.edit.matched.MatchedSwapStatement ""../jcodec/src/main/java/org/jcodec/codecs/h264/decode/CoeffTransformer.java"":4784 <-> ""../jcodec/src/main/java/org/jcodec/codecs/h264/decode/CoeffTransformer.java"":1344 |","false","false","7","-1","8","114.29"
"28","org.jcodec.codecs.h264.decode.CoeffTransformer.dequantizeAC(int[],int,int[])","3","MatchedReplaceStatement","| gin.edit.matched.MatchedReplaceStatement ""../jcodec/src/main/java/org/jcodec/codecs/h264/decode/CoeffTransformer.java"":4528 -> ""../jcodec/src/main/java/org/jcodec/codecs/h264/decode/CoeffTransformer.java"":2297 |","false","false","7","-1","8","114.29"
"29","org.jcodec.codecs.h264.decode.CoeffTransformer.fvdDC4x4(int[])","6","MatchedCopyStatement","| gin.edit.matched.MatchedCopyStatement ""../jcodec/src/main/java/org/jcodec/codecs/h264/decode/CoeffTransformer.java"":3193 -> ""../jcodec/src/main/java/org/jcodec/codecs/h264/decode/CoeffTransformer.java"":1865:1968 |","false","false","7","-1","8","114.29"
"30","org.jcodec.codecs.h264.decode.CoeffTransformer.fvdDC4x4(int[])","6","DeleteStatement","| gin.edit.statement.DeleteStatement ""../jcodec/src/main/java/org/jcodec/codecs/h264/decode/CoeffTransformer.java"":2086 |","true","true","7","7","0","0.00"
"31","org.jcodec.codecs.h264.decode.CoeffTransformer.fvdDC4x4(int[])","6","DeleteStatement","| gin.edit.statement.DeleteStatement ""../jcodec/src/main/java/org/jcodec/codecs/h264/decode/CoeffTransformer.java"":2135 |","true","true","7","7","0","0.00"
"32","org.jcodec.codecs.h264.decode.CoeffTransformer.invDC4x4(int[])","5","ReplaceStatement","| gin.edit.statement.ReplaceStatement ""../jcodec/src/main/java/org/jcodec/codecs/h264/decode/CoeffTransformer.java"":1241 -> ""../jcodec/src/main/java/org/jcodec/codecs/h264/decode/CoeffTransformer.java"":1655 |","false","false","7","-1","8","114.29"
"33","org.jcodec.codecs.h264.decode.CoeffTransformer.idct4x4(int[])","1","DeleteStatement","| gin.edit.statement.DeleteStatement ""../jcodec/src/main/java/org/jcodec/codecs/h264/decode/CoeffTransformer.java"":876 |","false","false","220","-1","221","100.45"
"34","org.jcodec.codecs.h264.decode.CoeffTransformer.invDC4x4(int[])","5","ReplaceStatement","| gin.edit.statement.ReplaceStatement ""../jcodec/src/main/java/org/jcodec/codecs/h264/decode/CoeffTransformer.java"":1711 -> ""../jcodec/src/main/java/org/jcodec/codecs/h264/decode/CoeffTransformer.java"":1697 |","false","false","7","-1","8","114.29"
"35","org.jcodec.codecs.h264.decode.CoeffTransformer.dequantizeAC(int[],int,int[])","3","BinaryOperatorReplacement","| gin.edit.modifynode.BinaryOperatorReplacement  ""../jcodec/src/main/java/org/jcodec/codecs/h264/decode/CoeffTransformer.java"":2189 DIVIDE -> DIVIDE |","true","true","7","7","0","0.00"
"36","org.jcodec.codecs.h264.decode.CoeffTransformer.fdct4x4(int[])","2","BinaryOperatorReplacement","| gin.edit.modifynode.BinaryOperatorReplacement  ""../jcodec/src/main/java/org/jcodec/codecs/h264/decode/CoeffTransformer.java"":1440 PLUS -> REMAINDER |","true","true","7","7","0","0.00"
"37","org.jcodec.codecs.h264.decode.CoeffTransformer.quantizeAC(int[],int)","4","UnaryOperatorReplacement","| gin.edit.modifynode.UnaryOperatorReplacement  ""../jcodec/src/main/java/org/jcodec/codecs/h264/decode/CoeffTransformer.java"":2442 POSTFIX_INCREMENT -> PREFIX_INCREMENT |","true","true","7","7","0","0.00"
"38","org.jcodec.codecs.h264.decode.CoeffTransformer.quantizeAC(int[],int)","4","CopyStatement","| gin.edit.statement.CopyStatement ""../jcodec/src/main/java/org/jcodec/codecs/h264/decode/CoeffTransformer.java"":2507 -> ""../jcodec/src/main/java/org/jcodec/codecs/h264/decode/CoeffTransformer.java"":2507:2508 |","true","true","7","7","0","0.00"
"39","org.jcodec.codecs.h264.decode.CoeffTransformer.dequantizeAC(int[],int,int[])","3","ReplaceStatement","| gin.edit.statement.ReplaceStatement ""../jcodec/src/main/java/org/jcodec/codecs/h264/decode/CoeffTransformer.java"":3208 -> ""../jcodec/src/main/java/org/jcodec/codecs/h264/decode/CoeffTransformer.java"":2262 |","false","false","7","-1","8","114.29"
"40","org.jcodec.codecs.h264.decode.CoeffTransformer.fvdDC4x4(int[])","6","BinaryOperatorReplacement","| gin.edit.modifynode.BinaryOperatorReplacement  ""../jcodec/src/main/java/org/jcodec/codecs/h264/decode/CoeffTransformer.java"":2129 MINUS -> DIVIDE |","true","true","7","7","0","0.00"
"41","org.jcodec.codecs.h264.decode.CoeffTransformer.fvdDC4x4(int[])","6","MatchedDeleteStatement","| gin.edit.matched.MatchedDeleteStatement ""../jcodec/src/main/java/org/jcodec/codecs/h264/decode/CoeffTransformer.java"":2086 |","true","true","7","7","0","0.00"
"42","org.jcodec.codecs.h264.decode.CoeffTransformer.fvdDC4x4(int[])","6","MatchedReplaceStatement","| gin.edit.matched.MatchedReplaceStatement ""../jcodec/src/main/java/org/jcodec/codecs/h264/decode/CoeffTransformer.java"":2967 -> ""../jcodec/src/main/java/org/jcodec/codecs/h264/decode/CoeffTransformer.java"":1996 |","false","false","7","-1","8","114.29"
"43","org.jcodec.codecs.h264.decode.CoeffTransformer.fdct4x4(int[])","2","MatchedSwapStatement","| gin.edit.matched.MatchedSwapStatement ""../jcodec/src/main/java/org/jcodec/codecs/h264/decode/CoeffTransformer.java"":1603 <-> ""../jcodec/src/main/java/org/jcodec/codecs/h264/decode/CoeffTransformer.java"":1406 |","false","false","7","-1","8","114.29"
"44","org.jcodec.codecs.h264.decode.CoeffTransformer.idct4x4(int[])","1","ReplaceStatement","| gin.edit.statement.ReplaceStatement ""../jcodec/src/main/java/org/jcodec/codecs/h264/decode/CoeffTransformer.java"":2322 -> ""../jcodec/src/main/java/org/jcodec/codecs/h264/decode/CoeffTransformer.java"":876 |","false","false","220","-1","221","100.45"
"45","org.jcodec.codecs.h264.decode.CoeffTransformer.invDC4x4(int[])","5","SwapStatement","| gin.edit.statement.SwapStatement ""../jcodec/src/main/java/org/jcodec/codecs/h264/decode/CoeffTransformer.java"":1747 <-> ""../jcodec/src/main/java/org/jcodec/codecs/h264/decode/CoeffTransformer.java"":1711 |","true","true","7","7","0","0.00"
"46","org.jcodec.codecs.h264.decode.CoeffTransformer.idct4x4(int[])","1","DeleteStatement","| gin.edit.statement.DeleteStatement ""../jcodec/src/main/java/org/jcodec/codecs/h264/decode/CoeffTransformer.java"":877 |","true","false","220","-1","221","100.45"
"47","org.jcodec.codecs.h264.decode.CoeffTransformer.idct4x4(int[])","1","CopyStatement","| gin.edit.statement.CopyStatement ""../jcodec/src/main/java/org/jcodec/codecs/h264/decode/CoeffTransformer.java"":3722 -> ""../jcodec/src/main/java/org/jcodec/codecs/h264/decode/CoeffTransformer.java"":876:877 |","false","false","220","-1","221","100.45"
"48","org.jcodec.codecs.h264.decode.CoeffTransformer.fvdDC4x4(int[])","6","MatchedDeleteStatement","| gin.edit.matched.MatchedDeleteStatement ""../jcodec/src/main/java/org/jcodec/codecs/h264/decode/CoeffTransformer.java"":1924 |","false","false","7","-1","8","114.29"
"49","org.jcodec.codecs.h264.decode.CoeffTransformer.fvdDC4x4(int[])","6","MatchedCopyStatement","| gin.edit.matched.MatchedCopyStatement ""../jcodec/src/main/java/org/jcodec/codecs/h264/decode/CoeffTransformer.java"":3074 -> ""../jcodec/src/main/java/org/jcodec/codecs/h264/decode/CoeffTransformer.java"":1865:1924 |","false","false","7","-1","8","114.29"
"50","org.jcodec.codecs.h264.decode.CoeffTransformer.invDC4x4(int[])","5","ReplaceStatement","| gin.edit.statement.ReplaceStatement ""../jcodec/src/main/java/org/jcodec/codecs/h264/decode/CoeffTransformer.java"":4377 -> ""../jcodec/src/main/java/org/jcodec/codecs/h264/decode/CoeffTransformer.java"":1711 |","false","false","7","-1","8","114.29"
"51","org.jcodec.codecs.h264.decode.CoeffTransformer.fdct4x4(int[])","2","MatchedReplaceStatement","| gin.edit.matched.MatchedReplaceStatement ""../jcodec/src/main/java/org/jcodec/codecs/h264/decode/CoeffTransformer.java"":3532 -> ""../jcodec/src/main/java/org/jcodec/codecs/h264/decode/CoeffTransformer.java"":1241 |","false","false","7","-1","8","114.29"
"52","org.jcodec.codecs.h264.decode.CoeffTransformer.idct4x4(int[])","1","BinaryOperatorReplacement","|","true","true","220","7","213","96.82"
"53","org.jcodec.codecs.h264.decode.CoeffTransformer.fvdDC4x4(int[])","6","SwapStatement","| gin.edit.statement.SwapStatement ""../jcodec/src/main/java/org/jcodec/codecs/h264/decode/CoeffTransformer.java"":2086 <-> ""../jcodec/src/main/java/org/jcodec/codecs/h264/decode/CoeffTransformer.java"":1982 |","true","true","7","7","0","0.00"
"54","org.jcodec.codecs.h264.decode.CoeffTransformer.fdct4x4(int[])","2","DeleteStatement","| gin.edit.statement.DeleteStatement ""../jcodec/src/main/java/org/jcodec/codecs/h264/decode/CoeffTransformer.java"":1511 |","true","true","7","7","0","0.00"
"55","org.jcodec.codecs.h264.decode.CoeffTransformer.quantizeAC(int[],int)","4","MatchedDeleteStatement","| gin.edit.matched.MatchedDeleteStatement ""../jcodec/src/main/java/org/jcodec/codecs/h264/decode/CoeffTransformer.java"":2459 |","true","true","7","7","0","0.00"
"56","org.jcodec.codecs.h264.decode.CoeffTransformer.invDC4x4(int[])","5","MatchedSwapStatement","| gin.edit.matched.MatchedSwapStatement ""../jcodec/src/main/java/org/jcodec/codecs/h264/decode/CoeffTransformer.java"":4377 <-> ""../jcodec/src/main/java/org/jcodec/codecs/h264/decode/CoeffTransformer.java"":1729 |","false","false","7","-1","8","114.29"
"57","org.jcodec.codecs.h264.decode.CoeffTransformer.idct4x4(int[])","1","SwapStatement","| gin.edit.statement.SwapStatement ""../jcodec/src/main/java/org/jcodec/codecs/h264/decode/CoeffTransformer.java"":876 <-> ""../jcodec/src/main/java/org/jcodec/codecs/h264/decode/CoeffTransformer.java"":877 |","false","false","220","-1","221","100.45"
"58","org.jcodec.codecs.h264.decode.CoeffTransformer.idct4x4(int[])","1","SwapStatement","| gin.edit.statement.SwapStatement ""../jcodec/src/main/java/org/jcodec/codecs/h264/decode/CoeffTransformer.java"":876 <-> ""../jcodec/src/main/java/org/jcodec/codecs/h264/decode/CoeffTransformer.java"":877 |","false","false","220","-1","221","100.45"
"59","org.jcodec.codecs.h264.decode.CoeffTransformer.idct4x4(int[])","1","MatchedSwapStatement","| gin.edit.matched.MatchedSwapStatement ""../jcodec/src/main/java/org/jcodec/codecs/h264/decode/CoeffTransformer.java"":876 <-> ""../jcodec/src/main/java/org/jcodec/codecs/h264/decode/CoeffTransformer.java"":876 |","true","true","220","7","213","96.82"
"60","org.jcodec.codecs.h264.decode.CoeffTransformer.idct4x4(int[])","1","MatchedSwapStatement","| gin.edit.matched.MatchedSwapStatement ""../jcodec/src/main/java/org/jcodec/codecs/h264/decode/CoeffTransformer.java"":2297 <-> ""../jcodec/src/main/java/org/jcodec/codecs/h264/decode/CoeffTransformer.java"":877 |","false","false","220","-1","221","100.45"
"61","org.jcodec.codecs.h264.decode.CoeffTransformer.invDC4x4(int[])","5","MatchedDeleteStatement","| gin.edit.matched.MatchedDeleteStatement ""../jcodec/src/main/java/org/jcodec/codecs/h264/decode/CoeffTransformer.java"":1603 |","false","false","7","-1","8","114.29"
"62","org.jcodec.codecs.h264.decode.CoeffTransformer.quantizeAC(int[],int)","4","BinaryOperatorReplacement","| gin.edit.modifynode.BinaryOperatorReplacement  ""../jcodec/src/main/java/org/jcodec/codecs/h264/decode/CoeffTransformer.java"":2399 REMAINDER -> DIVIDE |","true","true","7","7","0","0.00"
"63","org.jcodec.codecs.h264.decode.CoeffTransformer.dequantizeAC(int[],int,int[])","3","CopyStatement","| gin.edit.statement.CopyStatement ""../jcodec/src/main/java/org/jcodec/codecs/h264/decode/CoeffTransformer.java"":2232 -> ""../jcodec/src/main/java/org/jcodec/codecs/h264/decode/CoeffTransformer.java"":2296:2308 |","false","false","7","-1","8","114.29"
"64","org.jcodec.codecs.h264.decode.CoeffTransformer.dequantizeAC(int[],int,int[])","3","SwapStatement","| gin.edit.statement.SwapStatement ""../jcodec/src/main/java/org/jcodec/codecs/h264/decode/CoeffTransformer.java"":2322 <-> ""../jcodec/src/main/java/org/jcodec/codecs/h264/decode/CoeffTransformer.java"":2206 |","false","false","7","-1","8","114.29"
"65","org.jcodec.codecs.h264.decode.CoeffTransformer.quantizeAC(int[],int)","4","MatchedCopyStatement","| gin.edit.matched.MatchedCopyStatement ""../jcodec/src/main/java/org/jcodec/codecs/h264/decode/CoeffTransformer.java"":2010 -> ""../jcodec/src/main/java/org/jcodec/codecs/h264/decode/CoeffTransformer.java"":2521:2521 |","false","false","7","-1","8","114.29"
"66","org.jcodec.codecs.h264.decode.CoeffTransformer.fvdDC4x4(int[])","6","UnaryOperatorReplacement","| gin.edit.modifynode.UnaryOperatorReplacement  ""../jcodec/src/main/java/org/jcodec/codecs/h264/decode/CoeffTransformer.java"":2006 POSTFIX_INCREMENT -> PREFIX_INCREMENT |","true","true","7","7","0","0.00"
"67","org.jcodec.codecs.h264.decode.CoeffTransformer.idct4x4(int[])","1","SwapStatement","| gin.edit.statement.SwapStatement ""../jcodec/src/main/java/org/jcodec/codecs/h264/decode/CoeffTransformer.java"":876 <-> ""../jcodec/src/main/java/org/jcodec/codecs/h264/decode/CoeffTransformer.java"":876 |","true","true","220","7","213","96.82"
"68","org.jcodec.codecs.h264.decode.CoeffTransformer.fdct4x4(int[])","2","MatchedSwapStatement","| gin.edit.matched.MatchedSwapStatement ""../jcodec/src/main/java/org/jcodec/codecs/h264/decode/CoeffTransformer.java"":1082 <-> ""../jcodec/src/main/java/org/jcodec/codecs/h264/decode/CoeffTransformer.java"":1444 |","false","false","7","-1","8","114.29"
"69","org.jcodec.codecs.h264.decode.CoeffTransformer.quantizeAC(int[],int)","4","ReplaceStatement","| gin.edit.statement.ReplaceStatement ""../jcodec/src/main/java/org/jcodec/codecs/h264/decode/CoeffTransformer.java"":2535 -> ""../jcodec/src/main/java/org/jcodec/codecs/h264/decode/CoeffTransformer.java"":2432 |","false","false","7","-1","8","114.29"
"70","org.jcodec.codecs.h264.decode.CoeffTransformer.idct4x4(int[])","1","UnaryOperatorReplacement","|","true","true","220","7","213","96.82"
"71","org.jcodec.codecs.h264.decode.CoeffTransformer.invDC4x4(int[])","5","MatchedDeleteStatement","| gin.edit.matched.MatchedDeleteStatement ""../jcodec/src/main/java/org/jcodec/codecs/h264/decode/CoeffTransformer.java"":1552 |","true","true","7","7","0","0.00"
"72","org.jcodec.codecs.h264.decode.CoeffTransformer.fdct4x4(int[])","2","UnaryOperatorReplacement","| gin.edit.modifynode.UnaryOperatorReplacement  ""../jcodec/src/main/java/org/jcodec/codecs/h264/decode/CoeffTransformer.java"":1402 POSTFIX_INCREMENT -> POSTFIX_DECREMENT |","true","true","7","7","0","0.00"
"73","org.jcodec.codecs.h264.decode.CoeffTransformer.dequantizeAC(int[],int,int[])","3","MatchedSwapStatement","| gin.edit.matched.MatchedSwapStatement ""../jcodec/src/main/java/org/jcodec/codecs/h264/decode/CoeffTransformer.java"":3611 <-> ""../jcodec/src/main/java/org/jcodec/codecs/h264/decode/CoeffTransformer.java"":2231 |","false","false","7","-1","8","114.29"
"74","org.jcodec.codecs.h264.decode.CoeffTransformer.invDC4x4(int[])","5","UnaryOperatorReplacement","| gin.edit.modifynode.UnaryOperatorReplacement  ""../jcodec/src/main/java/org/jcodec/codecs/h264/decode/CoeffTransformer.java"":1707 POSTFIX_INCREMENT -> PREFIX_DECREMENT |","true","true","7","7","0","0.00"
"75","org.jcodec.codecs.h264.decode.CoeffTransformer.fdct4x4(int[])","2","CopyStatement","| gin.edit.statement.CopyStatement ""../jcodec/src/main/java/org/jcodec/codecs/h264/decode/CoeffTransformer.java"":3977 -> ""../jcodec/src/main/java/org/jcodec/codecs/h264/decode/CoeffTransformer.java"":1240:1392 |","false","false","7","-1","8","114.29"
"76","org.jcodec.codecs.h264.decode.CoeffTransformer.fdct4x4(int[])","2","SwapStatement","| gin.edit.statement.SwapStatement ""../jcodec/src/main/java/org/jcodec/codecs/h264/decode/CoeffTransformer.java"":1274 <-> ""../jcodec/src/main/java/org/jcodec/codecs/h264/decode/CoeffTransformer.java"":1405 |","false","false","7","-1","8","114.29"
"77","org.jcodec.codecs.h264.decode.CoeffTransformer.idct4x4(int[])","1","BinaryOperatorReplacement","|","true","true","220","7","213","96.82"
"78","org.jcodec.codecs.h264.decode.CoeffTransformer.invDC4x4(int[])","5","DeleteStatement","| gin.edit.statement.DeleteStatement ""../jcodec/src/main/java/org/jcodec/codecs/h264/decode/CoeffTransformer.java"":1669 |","true","true","7","7","0","0.00"
"79","org.jcodec.codecs.h264.decode.CoeffTransformer.idct4x4(int[])","1","MatchedReplaceStatement","| gin.edit.matched.MatchedReplaceStatement ""../jcodec/src/main/java/org/jcodec/codecs/h264/decode/CoeffTransformer.java"":3456 -> ""../jcodec/src/main/java/org/jcodec/codecs/h264/decode/CoeffTransformer.java"":876 |","false","false","220","-1","221","100.45"
"80","org.jcodec.codecs.h264.decode.CoeffTransformer.quantizeAC(int[],int)","4","UnaryOperatorReplacement","| gin.edit.modifynode.UnaryOperatorReplacement  ""../jcodec/src/main/java/org/jcodec/codecs/h264/decode/CoeffTransformer.java"":2518 POSTFIX_INCREMENT -> POSTFIX_DECREMENT |","true","true","7","7","0","0.00"
"81","org.jcodec.codecs.h264.decode.CoeffTransformer.fdct4x4(int[])","2","MatchedCopyStatement","| gin.edit.matched.MatchedCopyStatement ""../jcodec/src/main/java/org/jcodec/codecs/h264/decode/CoeffTransformer.java"":3419 -> ""../jcodec/src/main/java/org/jcodec/codecs/h264/decode/CoeffTransformer.java"":1240:1241 |","false","false","7","-1","8","114.29"
"82","org.jcodec.codecs.h264.decode.CoeffTransformer.fdct4x4(int[])","2","MatchedReplaceStatement","| gin.edit.matched.MatchedReplaceStatement ""../jcodec/src/main/java/org/jcodec/codecs/h264/decode/CoeffTransformer.java"":3532 -> ""../jcodec/src/main/java/org/jcodec/codecs/h264/decode/CoeffTransformer.java"":1241 |","false","false","7","-1","8","114.29"
"83","org.jcodec.codecs.h264.decode.CoeffTransformer.invDC4x4(int[])","5","DeleteStatement","| gin.edit.statement.DeleteStatement ""../jcodec/src/main/java/org/jcodec/codecs/h264/decode/CoeffTransformer.java"":1552 |","true","true","7","7","0","0.00"
"84","org.jcodec.codecs.h264.decode.CoeffTransformer.invDC4x4(int[])","5","MatchedCopyStatement","| gin.edit.matched.MatchedCopyStatement ""../jcodec/src/main/java/org/jcodec/codecs/h264/decode/CoeffTransformer.java"":2980 -> ""../jcodec/src/main/java/org/jcodec/codecs/h264/decode/CoeffTransformer.java"":1566:1669 |","false","false","7","-1","8","114.29"
"85","org.jcodec.codecs.h264.decode.CoeffTransformer.quantizeAC(int[],int)","4","SwapStatement","| gin.edit.statement.SwapStatement ""../jcodec/src/main/java/org/jcodec/codecs/h264/decode/CoeffTransformer.java"":2385 <-> ""../jcodec/src/main/java/org/jcodec/codecs/h264/decode/CoeffTransformer.java"":2445 |","false","false","7","-1","8","114.29"
"86","org.jcodec.codecs.h264.decode.CoeffTransformer.fdct4x4(int[])","2","MatchedCopyStatement","| gin.edit.matched.MatchedCopyStatement ""../jcodec/src/main/java/org/jcodec/codecs/h264/decode/CoeffTransformer.java"":4310 -> ""../jcodec/src/main/java/org/jcodec/codecs/h264/decode/CoeffTransformer.java"":1255:1256 |","false","false","7","-1","8","114.29"
"87","org.jcodec.codecs.h264.decode.CoeffTransformer.dequantizeAC(int[],int,int[])","3","CopyStatement","| gin.edit.statement.CopyStatement ""../jcodec/src/main/java/org/jcodec/codecs/h264/decode/CoeffTransformer.java"":1968 -> ""../jcodec/src/main/java/org/jcodec/codecs/h264/decode/CoeffTransformer.java"":2231:2232 |","false","false","7","-1","8","114.29"
"88","org.jcodec.codecs.h264.decode.CoeffTransformer.fvdDC4x4(int[])","6","SwapStatement","| gin.edit.statement.SwapStatement ""../jcodec/src/main/java/org/jcodec/codecs/h264/decode/CoeffTransformer.java"":2048 <-> ""../jcodec/src/main/java/org/jcodec/codecs/h264/decode/CoeffTransformer.java"":2009 |","false","false","7","-1","8","114.29"
"89","org.jcodec.codecs.h264.decode.CoeffTransformer.quantizeAC(int[],int)","4","BinaryOperatorReplacement","| gin.edit.modifynode.BinaryOperatorReplacement  ""../jcodec/src/main/java/org/jcodec/codecs/h264/decode/CoeffTransformer.java"":2399 REMAINDER -> UNSIGNED_RIGHT_SHIFT |","true","true","7","7","0","0.00"
"90","org.jcodec.codecs.h264.decode.CoeffTransformer.fvdDC4x4(int[])","6","MatchedDeleteStatement","| gin.edit.matched.MatchedDeleteStatement ""../jcodec/src/main/java/org/jcodec/codecs/h264/decode/CoeffTransformer.java"":1865 |","false","false","7","-1","8","114.29"
"91","org.jcodec.codecs.h264.decode.CoeffTransformer.quantizeAC(int[],int)","4","BinaryOperatorReplacement","| gin.edit.modifynode.BinaryOperatorReplacement  ""../jcodec/src/main/java/org/jcodec/codecs/h264/decode/CoeffTransformer.java"":2452 SIGNED_RIGHT_SHIFT -> MULTIPLY |","true","true","7","7","0","0.00"
"92","org.jcodec.codecs.h264.decode.CoeffTransformer.invDC4x4(int[])","5","SwapStatement","| gin.edit.statement.SwapStatement ""../jcodec/src/main/java/org/jcodec/codecs/h264/decode/CoeffTransformer.java"":1643 <-> ""../jcodec/src/main/java/org/jcodec/codecs/h264/decode/CoeffTransformer.java"":1710 |","false","false","7","-1","8","114.29"
"93","org.jcodec.codecs.h264.decode.CoeffTransformer.quantizeAC(int[],int)","4","BinaryOperatorReplacement","| gin.edit.modifynode.BinaryOperatorReplacement  ""../jcodec/src/main/java/org/jcodec/codecs/h264/decode/CoeffTransformer.java"":2478 MINUS -> SIGNED_RIGHT_SHIFT |","true","true","7","7","0","0.00"
"94","org.jcodec.codecs.h264.decode.CoeffTransformer.idct4x4(int[])","1","MatchedCopyStatement","| gin.edit.matched.MatchedCopyStatement ""../jcodec/src/main/java/org/jcodec/codecs/h264/decode/CoeffTransformer.java"":2845 -> ""../jcodec/src/main/java/org/jcodec/codecs/h264/decode/CoeffTransformer.java"":876:877 |","false","false","220","-1","221","100.45"
"95","org.jcodec.codecs.h264.decode.CoeffTransformer.invDC4x4(int[])","5","SwapStatement","| gin.edit.statement.SwapStatement ""../jcodec/src/main/java/org/jcodec/codecs/h264/decode/CoeffTransformer.java"":1683 <-> ""../jcodec/src/main/java/org/jcodec/codecs/h264/decode/CoeffTransformer.java"":1710 |","false","false","7","-1","8","114.29"
"96","org.jcodec.codecs.h264.decode.CoeffTransformer.fdct4x4(int[])","2","MatchedSwapStatement","| gin.edit.matched.MatchedSwapStatement ""../jcodec/src/main/java/org/jcodec/codecs/h264/decode/CoeffTransformer.java"":3559 <-> ""../jcodec/src/main/java/org/jcodec/codecs/h264/decode/CoeffTransformer.java"":1332 |","false","false","7","-1","8","114.29"
"97","org.jcodec.codecs.h264.decode.CoeffTransformer.quantizeAC(int[],int)","4","BinaryOperatorReplacement","| gin.edit.modifynode.BinaryOperatorReplacement  ""../jcodec/src/main/java/org/jcodec/codecs/h264/decode/CoeffTransformer.java"":2452 SIGNED_RIGHT_SHIFT -> REMAINDER |","true","true","7","7","0","0.00"
"98","org.jcodec.codecs.h264.decode.CoeffTransformer.quantizeAC(int[],int)","4","SwapStatement","| gin.edit.statement.SwapStatement ""../jcodec/src/main/java/org/jcodec/codecs/h264/decode/CoeffTransformer.java"":2521 <-> ""../jcodec/src/main/java/org/jcodec/codecs/h264/decode/CoeffTransformer.java"":2384 |","false","false","7","-1","8","114.29"
"99","org.jcodec.codecs.h264.decode.CoeffTransformer.idct4x4(int[])","1","MatchedDeleteStatement","| gin.edit.matched.MatchedDeleteStatement ""../jcodec/src/main/java/org/jcodec/codecs/h264/decode/CoeffTransformer.java"":877 |","true","false","220","-1","221","100.45"
"100","org.jcodec.codecs.h264.decode.CoeffTransformer.idct4x4(int[])","1","UnaryOperatorReplacement","|","true","true","220","7","213","96.82"
