"PatchIndex","MethodName","MethodID","Operator","Patch","Compiled","AllTestsPassed","BaselineRuntime(ms)","PatchRuntime(ms)","RuntimeImprovement(ms)","ImprovementPercent"
"1","org.jcodec.codecs.h264.decode.deblock.DeblockingFilter.filterBlockEdgeHoris(Picture,int,int,int,int,int,int,int)","5","SwapStatement","| gin.edit.statement.SwapStatement ""../jcodec/src/main/java/org/jcodec/codecs/h264/decode/deblock/DeblockingFilter.java"":2994 <-> ""../jcodec/src/main/java/org/jcodec/codecs/h264/decode/deblock/DeblockingFilter.java"":2934 |","false","false","212.00","-1.00","213.00","100.47"
"2","org.jcodec.codecs.h264.encode.MBEncoderHelper.takeSafe(byte[],int,int,int,int,byte[],int,int)","3","BinaryOperatorReplacement","| gin.edit.modifynode.BinaryOperatorReplacement  ""../jcodec/src/main/java/org/jcodec/codecs/h264/encode/MBEncoderHelper.java"":442 MULTIPLY -> UNSIGNED_RIGHT_SHIFT |","true","false","567.00","-1.00","568.00","100.18"
"3","org.jcodec.codecs.h264.encode.IntraPredEstimator.getLumaPred4x4(Picture,EncodingContext,int,int,int)","4","MatchedSwapStatement","| gin.edit.matched.MatchedSwapStatement ""../jcodec/src/main/java/org/jcodec/codecs/h264/encode/IntraPredEstimator.java"":505 <-> ""../jcodec/src/main/java/org/jcodec/codecs/h264/encode/IntraPredEstimator.java"":505 |","true","false","548.00","-1.00","549.00","100.18"
"4","org.jcodec.codecs.h264.encode.IntraPredEstimator.getLumaPred4x4(Picture,EncodingContext,int,int,int)","4","MatchedReplaceStatement","| gin.edit.matched.MatchedReplaceStatement ""../jcodec/src/main/java/org/jcodec/codecs/h264/encode/IntraPredEstimator.java"":442 -> ""../jcodec/src/main/java/org/jcodec/codecs/h264/encode/IntraPredEstimator.java"":602 |","false","false","548.00","-1.00","549.00","100.18"
"5","org.jcodec.scale.BaseResampler.resample(Picture,Picture)","9","BinaryOperatorReplacement","| gin.edit.modifynode.BinaryOperatorReplacement  ""../jcodec/src/main/java/org/jcodec/scale/BaseResampler.java"":639 LESS -> EQUALS |","true","false","1.00","-1.00","2.00","200.00"
"6","org.jcodec.codecs.h264.encode.MBEncoderHelper.takeSafe(byte[],int,int,int,int,byte[],int,int)","3","SwapStatement","| gin.edit.statement.SwapStatement ""../jcodec/src/main/java/org/jcodec/codecs/h264/encode/MBEncoderHelper.java"":431 <-> ""../jcodec/src/main/java/org/jcodec/codecs/h264/encode/MBEncoderHelper.java"":493 |","false","false","567.00","-1.00","568.00","100.18"
"7","org.jcodec.codecs.h264.decode.MBlockDecoderUtils.mergeResidual(Picture,int[][][],int[][],int[][])","8","CopyStatement","| gin.edit.statement.CopyStatement ""../jcodec/src/main/java/org/jcodec/codecs/h264/decode/MBlockDecoderUtils.java"":1155 -> ""../jcodec/src/main/java/org/jcodec/codecs/h264/decode/MBlockDecoderUtils.java"":613:614 |","false","false","213.00","-1.00","214.00","100.47"
"8","org.jcodec.codecs.h264.decode.MBlockDecoderUtils.mergeResidual(Picture,int[][][],int[][],int[][])","8","MatchedSwapStatement","| gin.edit.matched.MatchedSwapStatement ""../jcodec/src/main/java/org/jcodec/codecs/h264/decode/MBlockDecoderUtils.java"":1277 <-> ""../jcodec/src/main/java/org/jcodec/codecs/h264/decode/MBlockDecoderUtils.java"":657 |","false","false","213.00","-1.00","214.00","100.47"
"9","org.jcodec.codecs.h264.encode.MotionEstimator.estimateQPix(Picture,byte[],int[],int,int)","2","DeleteStatement","| gin.edit.statement.DeleteStatement ""../jcodec/src/main/java/org/jcodec/codecs/h264/encode/MotionEstimator.java"":911 |","false","false","235.00","-1.00","236.00","100.43"
"10","org.jcodec.codecs.h264.encode.MotionEstimator.estimateQPix(Picture,byte[],int[],int,int)","2","MatchedCopyStatement","| gin.edit.matched.MatchedCopyStatement ""../jcodec/src/main/java/org/jcodec/codecs/h264/encode/MotionEstimator.java"":689 -> ""../jcodec/src/main/java/org/jcodec/codecs/h264/encode/MotionEstimator.java"":1849:1946 |","false","false","235.00","-1.00","236.00","100.43"
"11","org.jcodec.common.model.Picture.getPlaneWidth(int)","10","DeleteStatement","| gin.edit.statement.DeleteStatement ""../jcodec/src/main/java/org/jcodec/common/model/Picture.java"":996 |","false","false","985.00","-1.00","986.00","100.10"
"12","org.jcodec.codecs.h264.encode.MBEncoderHelper.takeSafe(byte[],int,int,int,int,byte[],int,int)","3","SwapStatement","| gin.edit.statement.SwapStatement ""../jcodec/src/main/java/org/jcodec/codecs/h264/encode/MBEncoderHelper.java"":431 <-> ""../jcodec/src/main/java/org/jcodec/codecs/h264/encode/MBEncoderHelper.java"":493 |","false","false","567.00","-1.00","568.00","100.18"
"13","org.jcodec.common.model.Picture.getPlaneWidth(int)","10","MatchedCopyStatement","| gin.edit.matched.MatchedCopyStatement ""../jcodec/src/main/java/org/jcodec/common/model/Picture.java"":1619 -> ""../jcodec/src/main/java/org/jcodec/common/model/Picture.java"":995:996 |","false","false","985.00","-1.00","986.00","100.10"
"14","org.jcodec.codecs.h264.encode.MBEncoderHelper.takeSafe(byte[],int,int,int,int,byte[],int,int)","3","BinaryOperatorReplacement","| gin.edit.modifynode.BinaryOperatorReplacement  ""../jcodec/src/main/java/org/jcodec/codecs/h264/encode/MBEncoderHelper.java"":442 MULTIPLY -> PLUS |","true","false","567.00","-1.00","568.00","100.18"
"15","org.jcodec.scale.BaseResampler.resample(Picture,Picture)","9","CopyStatement","| gin.edit.statement.CopyStatement ""../jcodec/src/main/java/org/jcodec/scale/BaseResampler.java"":632 -> ""../jcodec/src/main/java/org/jcodec/scale/BaseResampler.java"":793:794 |","false","false","1.00","-1.00","2.00","200.00"
"16","org.jcodec.common.model.Picture.getPlaneWidth(int)","10","DeleteStatement","| gin.edit.statement.DeleteStatement ""../jcodec/src/main/java/org/jcodec/common/model/Picture.java"":996 |","false","false","985.00","-1.00","986.00","100.10"
"17","org.jcodec.codecs.h264.decode.deblock.DeblockingFilter.filterBlockEdgeVert(Picture,int,int,int,int,int,int,int)","6","UnaryOperatorReplacement","| gin.edit.modifynode.UnaryOperatorReplacement  ""../jcodec/src/main/java/org/jcodec/codecs/h264/decode/deblock/DeblockingFilter.java"":3083 POSTFIX_INCREMENT -> PREFIX_INCREMENT |","true","false","251.00","-1.00","252.00","100.40"
"18","org.jcodec.codecs.h264.decode.deblock.DeblockingFilter.filterBlockEdgeHoris(Picture,int,int,int,int,int,int,int)","5","BinaryOperatorReplacement","| gin.edit.modifynode.BinaryOperatorReplacement  ""../jcodec/src/main/java/org/jcodec/codecs/h264/decode/deblock/DeblockingFilter.java"":2924 PLUS -> DIVIDE |","true","false","212.00","-1.00","213.00","100.47"
"19","org.jcodec.codecs.h264.decode.deblock.DeblockingFilter.filterBs4(int,int,byte[],byte[],int,int,int,int,int,int,int,int,boolean)","7","BinaryOperatorReplacement","| gin.edit.modifynode.BinaryOperatorReplacement  ""../jcodec/src/main/java/org/jcodec/codecs/h264/decode/deblock/DeblockingFilter.java"":4361 SIGNED_RIGHT_SHIFT -> MULTIPLY |","true","false","266.00","-1.00","267.00","100.38"
"20","org.jcodec.codecs.h264.encode.MotionEstimator.estimateQPix(Picture,byte[],int[],int,int)","2","MatchedDeleteStatement","| gin.edit.matched.MatchedDeleteStatement ""../jcodec/src/main/java/org/jcodec/codecs/h264/encode/MotionEstimator.java"":2737 |","false","false","235.00","-1.00","236.00","100.43"
"21","org.jcodec.scale.BaseResampler.resample(Picture,Picture)","9","DeleteStatement","| gin.edit.statement.DeleteStatement ""../jcodec/src/main/java/org/jcodec/scale/BaseResampler.java"":813 |","false","false","1.00","-1.00","2.00","200.00"
"22","org.jcodec.codecs.h264.encode.MotionEstimator.estimateQPix(Picture,byte[],int[],int,int)","2","UnaryOperatorReplacement","| gin.edit.modifynode.UnaryOperatorReplacement  ""../jcodec/src/main/java/org/jcodec/codecs/h264/encode/MotionEstimator.java"":1543 MINUS -> BITWISE_COMPLEMENT |","true","false","235.00","-1.00","236.00","100.43"
"23","org.jcodec.codecs.h264.encode.MBEncoderHelper.takeSafe(byte[],int,int,int,int,byte[],int,int)","3","SwapStatement","| gin.edit.statement.SwapStatement ""../jcodec/src/main/java/org/jcodec/codecs/h264/encode/MBEncoderHelper.java"":466 <-> ""../jcodec/src/main/java/org/jcodec/codecs/h264/encode/MBEncoderHelper.java"":431 |","false","false","567.00","-1.00","568.00","100.18"
"24","org.jcodec.codecs.h264.decode.deblock.DeblockingFilter.filterBs(int,int,int,byte[],byte[],int,int,int,int,int,int,boolean)","1","MatchedCopyStatement","| gin.edit.matched.MatchedCopyStatement ""../jcodec/src/main/java/org/jcodec/codecs/h264/decode/deblock/DeblockingFilter.java"":3306 -> ""../jcodec/src/main/java/org/jcodec/codecs/h264/decode/deblock/DeblockingFilter.java"":3440:3499 |","false","false","239.00","-1.00","240.00","100.42"
"25","org.jcodec.codecs.h264.decode.deblock.DeblockingFilter.filterBlockEdgeHoris(Picture,int,int,int,int,int,int,int)","5","BinaryOperatorReplacement","| gin.edit.modifynode.BinaryOperatorReplacement  ""../jcodec/src/main/java/org/jcodec/codecs/h264/decode/deblock/DeblockingFilter.java"":2810 MULTIPLY -> REMAINDER |","true","false","212.00","-1.00","213.00","100.47"
"26","org.jcodec.codecs.h264.encode.MBEncoderHelper.takeSafe(byte[],int,int,int,int,byte[],int,int)","3","MatchedDeleteStatement","| gin.edit.matched.MatchedDeleteStatement ""../jcodec/src/main/java/org/jcodec/codecs/h264/encode/MBEncoderHelper.java"":493 |","true","false","567.00","-1.00","568.00","100.18"
"27","org.jcodec.codecs.h264.decode.deblock.DeblockingFilter.filterBlockEdgeHoris(Picture,int,int,int,int,int,int,int)","5","CopyStatement","| gin.edit.statement.CopyStatement ""../jcodec/src/main/java/org/jcodec/codecs/h264/decode/deblock/DeblockingFilter.java"":1554 -> ""../jcodec/src/main/java/org/jcodec/codecs/h264/decode/deblock/DeblockingFilter.java"":2792:2792 |","false","false","212.00","-1.00","213.00","100.47"
"28","org.jcodec.codecs.h264.decode.deblock.DeblockingFilter.filterBs4(int,int,byte[],byte[],int,int,int,int,int,int,int,int,boolean)","7","UnaryOperatorReplacement","| gin.edit.modifynode.UnaryOperatorReplacement  ""../jcodec/src/main/java/org/jcodec/codecs/h264/decode/deblock/DeblockingFilter.java"":4226 MINUS -> PLUS |","true","false","266.00","-1.00","267.00","100.38"
"29","org.jcodec.codecs.h264.decode.deblock.DeblockingFilter.filterBs(int,int,int,byte[],byte[],int,int,int,int,int,int,boolean)","1","BinaryOperatorReplacement","| gin.edit.modifynode.BinaryOperatorReplacement  ""../jcodec/src/main/java/org/jcodec/codecs/h264/decode/deblock/DeblockingFilter.java"":3393 LESS -> EQUALS |","true","false","239.00","-1.00","240.00","100.42"
"30","org.jcodec.codecs.h264.decode.MBlockDecoderUtils.mergeResidual(Picture,int[][][],int[][],int[][])","8","CopyStatement","| gin.edit.statement.CopyStatement ""../jcodec/src/main/java/org/jcodec/codecs/h264/decode/MBlockDecoderUtils.java"":1079 -> ""../jcodec/src/main/java/org/jcodec/codecs/h264/decode/MBlockDecoderUtils.java"":613:613 |","false","false","213.00","-1.00","214.00","100.47"
"31","org.jcodec.scale.BaseResampler.resample(Picture,Picture)","9","MatchedDeleteStatement","| gin.edit.matched.MatchedDeleteStatement ""../jcodec/src/main/java/org/jcodec/scale/BaseResampler.java"":710 |","true","false","1.00","-1.00","2.00","200.00"
"32","org.jcodec.codecs.h264.encode.MBEncoderHelper.takeSafe(byte[],int,int,int,int,byte[],int,int)","3","SwapStatement","| gin.edit.statement.SwapStatement ""../jcodec/src/main/java/org/jcodec/codecs/h264/encode/MBEncoderHelper.java"":431 <-> ""../jcodec/src/main/java/org/jcodec/codecs/h264/encode/MBEncoderHelper.java"":431 |","true","false","567.00","-1.00","568.00","100.18"
"33","org.jcodec.codecs.h264.decode.deblock.DeblockingFilter.filterBlockEdgeVert(Picture,int,int,int,int,int,int,int)","6","MatchedCopyStatement","| gin.edit.matched.MatchedCopyStatement ""../jcodec/src/main/java/org/jcodec/codecs/h264/decode/deblock/DeblockingFilter.java"":2474 -> ""../jcodec/src/main/java/org/jcodec/codecs/h264/decode/deblock/DeblockingFilter.java"":2993:2993 |","false","false","251.00","-1.00","252.00","100.40"
"34","org.jcodec.codecs.h264.encode.MBEncoderHelper.takeSafe(byte[],int,int,int,int,byte[],int,int)","3","UnaryOperatorReplacement","| gin.edit.modifynode.UnaryOperatorReplacement  ""../jcodec/src/main/java/org/jcodec/codecs/h264/encode/MBEncoderHelper.java"":489 PREFIX_INCREMENT -> POSTFIX_DECREMENT |","true","false","567.00","-1.00","568.00","100.18"
"35","org.jcodec.codecs.h264.decode.MBlockDecoderUtils.mergeResidual(Picture,int[][][],int[][],int[][])","8","MatchedDeleteStatement","| gin.edit.matched.MatchedDeleteStatement ""../jcodec/src/main/java/org/jcodec/codecs/h264/decode/MBlockDecoderUtils.java"":627 |","false","false","213.00","-1.00","214.00","100.47"
"36","org.jcodec.scale.BaseResampler.resample(Picture,Picture)","9","UnaryOperatorReplacement","| gin.edit.modifynode.UnaryOperatorReplacement  ""../jcodec/src/main/java/org/jcodec/scale/BaseResampler.java"":809 POSTFIX_INCREMENT -> PREFIX_INCREMENT |","true","false","1.00","-1.00","2.00","200.00"
"37","org.jcodec.codecs.h264.decode.MBlockDecoderUtils.mergeResidual(Picture,int[][][],int[][],int[][])","8","MatchedSwapStatement","| gin.edit.matched.MatchedSwapStatement ""../jcodec/src/main/java/org/jcodec/codecs/h264/decode/MBlockDecoderUtils.java"":459 <-> ""../jcodec/src/main/java/org/jcodec/codecs/h264/decode/MBlockDecoderUtils.java"":614 |","false","false","213.00","-1.00","214.00","100.47"
"38","org.jcodec.codecs.h264.decode.deblock.DeblockingFilter.filterBs4(int,int,byte[],byte[],int,int,int,int,int,int,int,int,boolean)","7","MatchedDeleteStatement","| gin.edit.matched.MatchedDeleteStatement ""../jcodec/src/main/java/org/jcodec/codecs/h264/decode/deblock/DeblockingFilter.java"":4245 |","true","false","266.00","-1.00","267.00","100.38"
"39","org.jcodec.codecs.h264.decode.deblock.DeblockingFilter.filterBs(int,int,int,byte[],byte[],int,int,int,int,int,int,boolean)","1","DeleteStatement","| gin.edit.statement.DeleteStatement ""../jcodec/src/main/java/org/jcodec/codecs/h264/decode/deblock/DeblockingFilter.java"":3471 |","false","false","239.00","-1.00","240.00","100.42"
"40","org.jcodec.scale.BaseResampler.resample(Picture,Picture)","9","SwapStatement","| gin.edit.statement.SwapStatement ""../jcodec/src/main/java/org/jcodec/scale/BaseResampler.java"":856 <-> ""../jcodec/src/main/java/org/jcodec/scale/BaseResampler.java"":812 |","false","false","1.00","-1.00","2.00","200.00"
"41","org.jcodec.scale.BaseResampler.resample(Picture,Picture)","9","DeleteStatement","| gin.edit.statement.DeleteStatement ""../jcodec/src/main/java/org/jcodec/scale/BaseResampler.java"":581 |","true","false","1.00","-1.00","2.00","200.00"
"42","org.jcodec.codecs.h264.decode.deblock.DeblockingFilter.filterBlockEdgeVert(Picture,int,int,int,int,int,int,int)","6","UnaryOperatorReplacement","| gin.edit.modifynode.UnaryOperatorReplacement  ""../jcodec/src/main/java/org/jcodec/codecs/h264/decode/deblock/DeblockingFilter.java"":3083 POSTFIX_INCREMENT -> PREFIX_INCREMENT |","true","false","251.00","-1.00","252.00","100.40"
"43","org.jcodec.codecs.h264.decode.deblock.DeblockingFilter.filterBs(int,int,int,byte[],byte[],int,int,int,int,int,int,boolean)","1","MatchedSwapStatement","| gin.edit.matched.MatchedSwapStatement ""../jcodec/src/main/java/org/jcodec/codecs/h264/decode/deblock/DeblockingFilter.java"":3180 <-> ""../jcodec/src/main/java/org/jcodec/codecs/h264/decode/deblock/DeblockingFilter.java"":3441 |","false","false","239.00","-1.00","240.00","100.42"
"44","org.jcodec.codecs.h264.decode.deblock.DeblockingFilter.filterBlockEdgeVert(Picture,int,int,int,int,int,int,int)","6","MatchedReplaceStatement","| gin.edit.matched.MatchedReplaceStatement ""../jcodec/src/main/java/org/jcodec/codecs/h264/decode/deblock/DeblockingFilter.java"":2571 -> ""../jcodec/src/main/java/org/jcodec/codecs/h264/decode/deblock/DeblockingFilter.java"":3113 |","false","false","251.00","-1.00","252.00","100.40"
"45","org.jcodec.scale.BaseResampler.resample(Picture,Picture)","9","DeleteStatement","| gin.edit.statement.DeleteStatement ""../jcodec/src/main/java/org/jcodec/scale/BaseResampler.java"":724 |","false","false","1.00","-1.00","2.00","200.00"
"46","org.jcodec.codecs.h264.decode.deblock.DeblockingFilter.filterBs4(int,int,byte[],byte[],int,int,int,int,int,int,int,int,boolean)","7","MatchedSwapStatement","| gin.edit.matched.MatchedSwapStatement ""../jcodec/src/main/java/org/jcodec/codecs/h264/decode/deblock/DeblockingFilter.java"":2525 <-> ""../jcodec/src/main/java/org/jcodec/codecs/h264/decode/deblock/DeblockingFilter.java"":4058 |","false","false","266.00","-1.00","267.00","100.38"
"47","org.jcodec.codecs.h264.decode.deblock.DeblockingFilter.filterBlockEdgeHoris(Picture,int,int,int,int,int,int,int)","5","MatchedReplaceStatement","| gin.edit.matched.MatchedReplaceStatement ""../jcodec/src/main/java/org/jcodec/codecs/h264/decode/deblock/DeblockingFilter.java"":1124 -> ""../jcodec/src/main/java/org/jcodec/codecs/h264/decode/deblock/DeblockingFilter.java"":2862 |","false","false","212.00","-1.00","213.00","100.47"
"48","org.jcodec.common.model.Picture.getPlaneWidth(int)","10","MatchedDeleteStatement","| gin.edit.matched.MatchedDeleteStatement ""../jcodec/src/main/java/org/jcodec/common/model/Picture.java"":995 |","false","false","985.00","-1.00","986.00","100.10"
"49","org.jcodec.codecs.h264.encode.MBEncoderHelper.takeSafe(byte[],int,int,int,int,byte[],int,int)","3","ReplaceStatement","| gin.edit.statement.ReplaceStatement ""../jcodec/src/main/java/org/jcodec/codecs/h264/encode/MBEncoderHelper.java"":1466 -> ""../jcodec/src/main/java/org/jcodec/codecs/h264/encode/MBEncoderHelper.java"":492 |","false","false","567.00","-1.00","568.00","100.18"
"50","org.jcodec.common.model.Picture.getPlaneWidth(int)","10","ReplaceStatement","| gin.edit.statement.ReplaceStatement ""../jcodec/src/main/java/org/jcodec/common/model/Picture.java"":1121 -> ""../jcodec/src/main/java/org/jcodec/common/model/Picture.java"":995 |","false","false","985.00","-1.00","986.00","100.10"
"51","org.jcodec.codecs.h264.decode.deblock.DeblockingFilter.filterBlockEdgeHoris(Picture,int,int,int,int,int,int,int)","5","MatchedCopyStatement","| gin.edit.matched.MatchedCopyStatement ""../jcodec/src/main/java/org/jcodec/codecs/h264/decode/deblock/DeblockingFilter.java"":2594 -> ""../jcodec/src/main/java/org/jcodec/codecs/h264/decode/deblock/DeblockingFilter.java"":2918:2919 |","false","false","212.00","-1.00","213.00","100.47"
"52","org.jcodec.scale.BaseResampler.resample(Picture,Picture)","9","MatchedCopyStatement","| gin.edit.matched.MatchedCopyStatement ""../jcodec/src/main/java/org/jcodec/scale/BaseResampler.java"":758 -> ""../jcodec/src/main/java/org/jcodec/scale/BaseResampler.java"":632:633 |","false","false","1.00","-1.00","2.00","200.00"
"53","org.jcodec.codecs.h264.encode.MotionEstimator.estimateQPix(Picture,byte[],int[],int,int)","2","ReplaceStatement","| gin.edit.statement.ReplaceStatement ""../jcodec/src/main/java/org/jcodec/codecs/h264/encode/MotionEstimator.java"":1142 -> ""../jcodec/src/main/java/org/jcodec/codecs/h264/encode/MotionEstimator.java"":1204 |","false","false","235.00","-1.00","236.00","100.43"
"54","org.jcodec.common.model.Picture.getPlaneWidth(int)","10","DeleteStatement","| gin.edit.statement.DeleteStatement ""../jcodec/src/main/java/org/jcodec/common/model/Picture.java"":996 |","false","false","985.00","-1.00","986.00","100.10"
"55","org.jcodec.codecs.h264.decode.deblock.DeblockingFilter.filterBlockEdgeHoris(Picture,int,int,int,int,int,int,int)","5","DeleteStatement","| gin.edit.statement.DeleteStatement ""../jcodec/src/main/java/org/jcodec/codecs/h264/decode/deblock/DeblockingFilter.java"":2919 |","false","false","212.00","-1.00","213.00","100.47"
"56","org.jcodec.codecs.h264.decode.deblock.DeblockingFilter.filterBlockEdgeVert(Picture,int,int,int,int,int,int,int)","6","SwapStatement","| gin.edit.statement.SwapStatement ""../jcodec/src/main/java/org/jcodec/codecs/h264/decode/deblock/DeblockingFilter.java"":3138 <-> ""../jcodec/src/main/java/org/jcodec/codecs/h264/decode/deblock/DeblockingFilter.java"":3138 |","true","false","251.00","-1.00","252.00","100.40"
"57","org.jcodec.codecs.h264.decode.deblock.DeblockingFilter.filterBlockEdgeHoris(Picture,int,int,int,int,int,int,int)","5","UnaryOperatorReplacement","| gin.edit.modifynode.UnaryOperatorReplacement  ""../jcodec/src/main/java/org/jcodec/codecs/h264/decode/deblock/DeblockingFilter.java"":2828 POSTFIX_INCREMENT -> POSTFIX_DECREMENT |","true","false","212.00","-1.00","213.00","100.47"
"58","org.jcodec.codecs.h264.decode.MBlockDecoderUtils.mergeResidual(Picture,int[][][],int[][],int[][])","8","SwapStatement","| gin.edit.statement.SwapStatement ""../jcodec/src/main/java/org/jcodec/codecs/h264/decode/MBlockDecoderUtils.java"":640 <-> ""../jcodec/src/main/java/org/jcodec/codecs/h264/decode/MBlockDecoderUtils.java"":640 |","true","false","213.00","-1.00","214.00","100.47"
"59","org.jcodec.codecs.h264.encode.MotionEstimator.estimateQPix(Picture,byte[],int[],int,int)","2","DeleteStatement","| gin.edit.statement.DeleteStatement ""../jcodec/src/main/java/org/jcodec/codecs/h264/encode/MotionEstimator.java"":2584 |","false","false","235.00","-1.00","236.00","100.43"
"60","org.jcodec.codecs.h264.decode.deblock.DeblockingFilter.filterBlockEdgeHoris(Picture,int,int,int,int,int,int,int)","5","UnaryOperatorReplacement","| gin.edit.modifynode.UnaryOperatorReplacement  ""../jcodec/src/main/java/org/jcodec/codecs/h264/decode/deblock/DeblockingFilter.java"":2828 POSTFIX_INCREMENT -> PREFIX_INCREMENT |","true","false","212.00","-1.00","213.00","100.47"
"61","org.jcodec.scale.BaseResampler.resample(Picture,Picture)","9","MatchedDeleteStatement","| gin.edit.matched.MatchedDeleteStatement ""../jcodec/src/main/java/org/jcodec/scale/BaseResampler.java"":823 |","false","false","1.00","-1.00","2.00","200.00"
"62","org.jcodec.codecs.h264.decode.deblock.DeblockingFilter.filterBlockEdgeVert(Picture,int,int,int,int,int,int,int)","6","CopyStatement","| gin.edit.statement.CopyStatement ""../jcodec/src/main/java/org/jcodec/codecs/h264/decode/deblock/DeblockingFilter.java"":507 -> ""../jcodec/src/main/java/org/jcodec/codecs/h264/decode/deblock/DeblockingFilter.java"":3161:3161 |","false","false","251.00","-1.00","252.00","100.40"
"63","org.jcodec.codecs.h264.encode.MBEncoderHelper.takeSafe(byte[],int,int,int,int,byte[],int,int)","3","MatchedDeleteStatement","| gin.edit.matched.MatchedDeleteStatement ""../jcodec/src/main/java/org/jcodec/codecs/h264/encode/MBEncoderHelper.java"":492 |","false","false","567.00","-1.00","568.00","100.18"
"64","org.jcodec.codecs.h264.decode.deblock.DeblockingFilter.filterBs(int,int,int,byte[],byte[],int,int,int,int,int,int,boolean)","1","MatchedReplaceStatement","| gin.edit.matched.MatchedReplaceStatement ""../jcodec/src/main/java/org/jcodec/codecs/h264/decode/deblock/DeblockingFilter.java"":1589 -> ""../jcodec/src/main/java/org/jcodec/codecs/h264/decode/deblock/DeblockingFilter.java"":3640 |","false","false","239.00","-1.00","240.00","100.42"
"65","org.jcodec.scale.BaseResampler.resample(Picture,Picture)","9","MatchedDeleteStatement","| gin.edit.matched.MatchedDeleteStatement ""../jcodec/src/main/java/org/jcodec/scale/BaseResampler.java"":633 |","true","false","1.00","-1.00","2.00","200.00"
"66","org.jcodec.codecs.h264.decode.deblock.DeblockingFilter.filterBlockEdgeHoris(Picture,int,int,int,int,int,int,int)","5","MatchedReplaceStatement","| gin.edit.matched.MatchedReplaceStatement ""../jcodec/src/main/java/org/jcodec/codecs/h264/decode/deblock/DeblockingFilter.java"":4437 -> ""../jcodec/src/main/java/org/jcodec/codecs/h264/decode/deblock/DeblockingFilter.java"":2898 |","false","false","212.00","-1.00","213.00","100.47"
"67","org.jcodec.codecs.h264.decode.deblock.DeblockingFilter.filterBs4(int,int,byte[],byte[],int,int,int,int,int,int,int,int,boolean)","7","MatchedDeleteStatement","| gin.edit.matched.MatchedDeleteStatement ""../jcodec/src/main/java/org/jcodec/codecs/h264/decode/deblock/DeblockingFilter.java"":4114 |","false","false","266.00","-1.00","267.00","100.38"
"68","org.jcodec.scale.BaseResampler.resample(Picture,Picture)","9","MatchedCopyStatement","| gin.edit.matched.MatchedCopyStatement ""../jcodec/src/main/java/org/jcodec/scale/BaseResampler.java"":476 -> ""../jcodec/src/main/java/org/jcodec/scale/BaseResampler.java"":586:587 |","false","false","1.00","-1.00","2.00","200.00"
"69","org.jcodec.codecs.h264.encode.MBEncoderHelper.takeSafe(byte[],int,int,int,int,byte[],int,int)","3","MatchedDeleteStatement","| gin.edit.matched.MatchedDeleteStatement ""../jcodec/src/main/java/org/jcodec/codecs/h264/encode/MBEncoderHelper.java"":493 |","true","false","567.00","-1.00","568.00","100.18"
"70","org.jcodec.scale.BaseResampler.resample(Picture,Picture)","9","CopyStatement","| gin.edit.statement.CopyStatement ""../jcodec/src/main/java/org/jcodec/scale/BaseResampler.java"":279 -> ""../jcodec/src/main/java/org/jcodec/scale/BaseResampler.java"":563:574 |","false","false","1.00","-1.00","2.00","200.00"
"71","org.jcodec.codecs.h264.encode.MBEncoderHelper.takeSafe(byte[],int,int,int,int,byte[],int,int)","3","SwapStatement","| gin.edit.statement.SwapStatement ""../jcodec/src/main/java/org/jcodec/codecs/h264/encode/MBEncoderHelper.java"":431 <-> ""../jcodec/src/main/java/org/jcodec/codecs/h264/encode/MBEncoderHelper.java"":432 |","false","false","567.00","-1.00","568.00","100.18"
"72","org.jcodec.codecs.h264.decode.MBlockDecoderUtils.mergeResidual(Picture,int[][][],int[][],int[][])","8","CopyStatement","| gin.edit.statement.CopyStatement ""../jcodec/src/main/java/org/jcodec/codecs/h264/decode/MBlockDecoderUtils.java"":1078 -> ""../jcodec/src/main/java/org/jcodec/codecs/h264/decode/MBlockDecoderUtils.java"":656:656 |","false","false","213.00","-1.00","214.00","100.47"
"73","org.jcodec.codecs.h264.encode.IntraPredEstimator.getLumaPred4x4(Picture,EncodingContext,int,int,int)","4","DeleteStatement","| gin.edit.statement.DeleteStatement ""../jcodec/src/main/java/org/jcodec/codecs/h264/encode/IntraPredEstimator.java"":637 |","true","false","548.00","-1.00","549.00","100.18"
"74","org.jcodec.codecs.h264.decode.deblock.DeblockingFilter.filterBlockEdgeHoris(Picture,int,int,int,int,int,int,int)","5","BinaryOperatorReplacement","| gin.edit.modifynode.BinaryOperatorReplacement  ""../jcodec/src/main/java/org/jcodec/codecs/h264/decode/deblock/DeblockingFilter.java"":2904 PLUS -> SIGNED_RIGHT_SHIFT |","true","false","212.00","-1.00","213.00","100.47"
"75","org.jcodec.codecs.h264.encode.MotionEstimator.estimateQPix(Picture,byte[],int[],int,int)","2","MatchedDeleteStatement","| gin.edit.matched.MatchedDeleteStatement ""../jcodec/src/main/java/org/jcodec/codecs/h264/encode/MotionEstimator.java"":2031 |","false","false","235.00","-1.00","236.00","100.43"
"76","org.jcodec.scale.BaseResampler.resample(Picture,Picture)","9","MatchedDeleteStatement","| gin.edit.matched.MatchedDeleteStatement ""../jcodec/src/main/java/org/jcodec/scale/BaseResampler.java"":587 |","true","false","1.00","-1.00","2.00","200.00"
"77","org.jcodec.codecs.h264.decode.deblock.DeblockingFilter.filterBs(int,int,int,byte[],byte[],int,int,int,int,int,int,boolean)","1","UnaryOperatorReplacement","| gin.edit.modifynode.UnaryOperatorReplacement  ""../jcodec/src/main/java/org/jcodec/codecs/h264/decode/deblock/DeblockingFilter.java"":3632 MINUS -> PLUS |","true","false","239.00","-1.00","240.00","100.42"
"78","org.jcodec.codecs.h264.decode.deblock.DeblockingFilter.filterBs(int,int,int,byte[],byte[],int,int,int,int,int,int,boolean)","1","MatchedDeleteStatement","| gin.edit.matched.MatchedDeleteStatement ""../jcodec/src/main/java/org/jcodec/codecs/h264/decode/deblock/DeblockingFilter.java"":3612 |","false","false","239.00","-1.00","240.00","100.42"
"79","org.jcodec.codecs.h264.encode.MotionEstimator.estimateQPix(Picture,byte[],int[],int,int)","2","MatchedDeleteStatement","| gin.edit.matched.MatchedDeleteStatement ""../jcodec/src/main/java/org/jcodec/codecs/h264/encode/MotionEstimator.java"":2786 |","true","false","235.00","-1.00","236.00","100.43"
"80","org.jcodec.codecs.h264.decode.deblock.DeblockingFilter.filterBs4(int,int,byte[],byte[],int,int,int,int,int,int,int,int,boolean)","7","MatchedReplaceStatement","| gin.edit.matched.MatchedReplaceStatement ""../jcodec/src/main/java/org/jcodec/codecs/h264/decode/deblock/DeblockingFilter.java"":3531 -> ""../jcodec/src/main/java/org/jcodec/codecs/h264/decode/deblock/DeblockingFilter.java"":4306 |","false","false","266.00","-1.00","267.00","100.38"
"81","org.jcodec.codecs.h264.decode.deblock.DeblockingFilter.filterBlockEdgeVert(Picture,int,int,int,int,int,int,int)","6","MatchedCopyStatement","| gin.edit.matched.MatchedCopyStatement ""../jcodec/src/main/java/org/jcodec/codecs/h264/decode/deblock/DeblockingFilter.java"":3138 -> ""../jcodec/src/main/java/org/jcodec/codecs/h264/decode/deblock/DeblockingFilter.java"":3161:3171 |","false","false","251.00","-1.00","252.00","100.40"
"82","org.jcodec.codecs.h264.decode.deblock.DeblockingFilter.filterBlockEdgeHoris(Picture,int,int,int,int,int,int,int)","5","CopyStatement","| gin.edit.statement.CopyStatement ""../jcodec/src/main/java/org/jcodec/codecs/h264/decode/deblock/DeblockingFilter.java"":2594 -> ""../jcodec/src/main/java/org/jcodec/codecs/h264/decode/deblock/DeblockingFilter.java"":2993:2993 |","false","false","212.00","-1.00","213.00","100.47"
"83","org.jcodec.codecs.h264.decode.deblock.DeblockingFilter.filterBs(int,int,int,byte[],byte[],int,int,int,int,int,int,boolean)","1","BinaryOperatorReplacement","| gin.edit.modifynode.BinaryOperatorReplacement  ""../jcodec/src/main/java/org/jcodec/codecs/h264/decode/deblock/DeblockingFilter.java"":3568 LESS -> EQUALS |","true","false","239.00","-1.00","240.00","100.42"
"84","org.jcodec.codecs.h264.encode.MotionEstimator.estimateQPix(Picture,byte[],int[],int,int)","2","MatchedSwapStatement","| gin.edit.matched.MatchedSwapStatement ""../jcodec/src/main/java/org/jcodec/codecs/h264/encode/MotionEstimator.java"":2550 <-> ""../jcodec/src/main/java/org/jcodec/codecs/h264/encode/MotionEstimator.java"":746 |","false","false","235.00","-1.00","236.00","100.43"
"85","org.jcodec.codecs.h264.decode.deblock.DeblockingFilter.filterBlockEdgeVert(Picture,int,int,int,int,int,int,int)","6","MatchedReplaceStatement","| gin.edit.matched.MatchedReplaceStatement ""../jcodec/src/main/java/org/jcodec/codecs/h264/decode/deblock/DeblockingFilter.java"":2847 -> ""../jcodec/src/main/java/org/jcodec/codecs/h264/decode/deblock/DeblockingFilter.java"":3122 |","false","false","251.00","-1.00","252.00","100.40"
"86","org.jcodec.common.model.Picture.getPlaneWidth(int)","10","DeleteStatement","| gin.edit.statement.DeleteStatement ""../jcodec/src/main/java/org/jcodec/common/model/Picture.java"":996 |","false","false","985.00","-1.00","986.00","100.10"
"87","org.jcodec.codecs.h264.encode.IntraPredEstimator.getLumaPred4x4(Picture,EncodingContext,int,int,int)","4","BinaryOperatorReplacement","| gin.edit.modifynode.BinaryOperatorReplacement  ""../jcodec/src/main/java/org/jcodec/codecs/h264/encode/IntraPredEstimator.java"":190 LESS -> LESS_EQUALS |","true","false","548.00","-1.00","549.00","100.18"
"88","org.jcodec.codecs.h264.encode.MotionEstimator.estimateQPix(Picture,byte[],int[],int,int)","2","MatchedCopyStatement","| gin.edit.matched.MatchedCopyStatement ""../jcodec/src/main/java/org/jcodec/codecs/h264/encode/MotionEstimator.java"":286 -> ""../jcodec/src/main/java/org/jcodec/codecs/h264/encode/MotionEstimator.java"":787:972 |","false","false","235.00","-1.00","236.00","100.43"
"89","org.jcodec.codecs.h264.decode.deblock.DeblockingFilter.filterBlockEdgeHoris(Picture,int,int,int,int,int,int,int)","5","MatchedSwapStatement","| gin.edit.matched.MatchedSwapStatement ""../jcodec/src/main/java/org/jcodec/codecs/h264/decode/deblock/DeblockingFilter.java"":2670 <-> ""../jcodec/src/main/java/org/jcodec/codecs/h264/decode/deblock/DeblockingFilter.java"":2913 |","false","false","212.00","-1.00","213.00","100.47"
"90","org.jcodec.codecs.h264.encode.MBEncoderHelper.takeSafe(byte[],int,int,int,int,byte[],int,int)","3","MatchedReplaceStatement","| gin.edit.matched.MatchedReplaceStatement ""../jcodec/src/main/java/org/jcodec/codecs/h264/encode/MBEncoderHelper.java"":772 -> ""../jcodec/src/main/java/org/jcodec/codecs/h264/encode/MBEncoderHelper.java"":431 |","false","false","567.00","-1.00","568.00","100.18"
"91","org.jcodec.codecs.h264.encode.MotionEstimator.estimateQPix(Picture,byte[],int[],int,int)","2","UnaryOperatorReplacement","| gin.edit.modifynode.UnaryOperatorReplacement  ""../jcodec/src/main/java/org/jcodec/codecs/h264/encode/MotionEstimator.java"":804 POSTFIX_INCREMENT -> PREFIX_INCREMENT |","true","false","235.00","-1.00","236.00","100.43"
"92","org.jcodec.codecs.h264.encode.IntraPredEstimator.getLumaPred4x4(Picture,EncodingContext,int,int,int)","4","UnaryOperatorReplacement","| gin.edit.modifynode.UnaryOperatorReplacement  ""../jcodec/src/main/java/org/jcodec/codecs/h264/encode/IntraPredEstimator.java"":291 POSTFIX_INCREMENT -> PREFIX_INCREMENT |","true","false","548.00","-1.00","549.00","100.18"
"93","org.jcodec.codecs.h264.decode.deblock.DeblockingFilter.filterBs4(int,int,byte[],byte[],int,int,int,int,int,int,int,int,boolean)","7","MatchedReplaceStatement","| gin.edit.matched.MatchedReplaceStatement ""../jcodec/src/main/java/org/jcodec/codecs/h264/decode/deblock/DeblockingFilter.java"":3104 -> ""../jcodec/src/main/java/org/jcodec/codecs/h264/decode/deblock/DeblockingFilter.java"":4058 |","false","false","266.00","-1.00","267.00","100.38"
"94","org.jcodec.scale.BaseResampler.resample(Picture,Picture)","9","ReplaceStatement","| gin.edit.statement.ReplaceStatement ""../jcodec/src/main/java/org/jcodec/scale/BaseResampler.java"":493 -> ""../jcodec/src/main/java/org/jcodec/scale/BaseResampler.java"":794 |","false","false","1.00","-1.00","2.00","200.00"
"95","org.jcodec.codecs.h264.decode.deblock.DeblockingFilter.filterBlockEdgeVert(Picture,int,int,int,int,int,int,int)","6","ReplaceStatement","| gin.edit.statement.ReplaceStatement ""../jcodec/src/main/java/org/jcodec/codecs/h264/decode/deblock/DeblockingFilter.java"":3703 -> ""../jcodec/src/main/java/org/jcodec/codecs/h264/decode/deblock/DeblockingFilter.java"":3219 |","false","false","251.00","-1.00","252.00","100.40"
"96","org.jcodec.codecs.h264.decode.deblock.DeblockingFilter.filterBs4(int,int,byte[],byte[],int,int,int,int,int,int,int,int,boolean)","7","ReplaceStatement","| gin.edit.statement.ReplaceStatement ""../jcodec/src/main/java/org/jcodec/codecs/h264/decode/deblock/DeblockingFilter.java"":2093 -> ""../jcodec/src/main/java/org/jcodec/codecs/h264/decode/deblock/DeblockingFilter.java"":4124 |","false","false","266.00","-1.00","267.00","100.38"
"97","org.jcodec.codecs.h264.encode.MotionEstimator.estimateQPix(Picture,byte[],int[],int,int)","2","ReplaceStatement","| gin.edit.statement.ReplaceStatement ""../jcodec/src/main/java/org/jcodec/codecs/h264/encode/MotionEstimator.java"":2827 -> ""../jcodec/src/main/java/org/jcodec/codecs/h264/encode/MotionEstimator.java"":1581 |","false","false","235.00","-1.00","236.00","100.43"
"98","org.jcodec.codecs.h264.encode.MotionEstimator.estimateQPix(Picture,byte[],int[],int,int)","2","BinaryOperatorReplacement","| gin.edit.modifynode.BinaryOperatorReplacement  ""../jcodec/src/main/java/org/jcodec/codecs/h264/encode/MotionEstimator.java"":1624 MINUS -> REMAINDER |","true","false","235.00","-1.00","236.00","100.43"
"99","org.jcodec.codecs.h264.encode.IntraPredEstimator.getLumaPred4x4(Picture,EncodingContext,int,int,int)","4","DeleteStatement","| gin.edit.statement.DeleteStatement ""../jcodec/src/main/java/org/jcodec/codecs/h264/encode/IntraPredEstimator.java"":331 |","false","false","548.00","-1.00","549.00","100.18"
"100","org.jcodec.codecs.h264.decode.deblock.DeblockingFilter.filterBs4(int,int,byte[],byte[],int,int,int,int,int,int,int,int,boolean)","7","MatchedSwapStatement","| gin.edit.matched.MatchedSwapStatement ""../jcodec/src/main/java/org/jcodec/codecs/h264/decode/deblock/DeblockingFilter.java"":3518 <-> ""../jcodec/src/main/java/org/jcodec/codecs/h264/decode/deblock/DeblockingFilter.java"":4262 |","false","false","266.00","-1.00","267.00","100.38"
